match_id,date,queue_id,game_mode,game_type,patch,role,champion,win,kills,deaths,assists,team_kills,team_deaths,team_assists,cs,cs_per_min,vision_score,vision_score_per_min,wards_placed,wards_killed,control_wards_bought,gold_earned,total_damage_to_champions,game_duration_seconds,game_duration_min,combat_events,all_fights,my_fights,fight_wins,fight_evens,fight_losses,survived_fights,died_fights,solo_fights,small_fights,skirmishes,teamfights,early_fights,mid_fights,late_fights,objective_before_gain,objective_before_loss,objective_during_gain,objective_during_loss,objective_after_gain,objective_after_loss
JP1_597808765,2026-08-17 00:05:48,400,CLASSIC,MATCHED_GAME,16.16.804.9184,UTILITY,Leona,False,1,13,18,41,43,57,30,0.79,116,3.04,45,8,11,9940,14105,2292,38.2,32,39,18,7,3,8,5,13,0,5,6,7,7,5,6,1,2,0,2,1,2
JP1_597460769,2026-08-14 23:22:37,400,CLASSIC,MATCHED_GAME,16.16.804.9184,UTILITY,Leona,True,1,3,14,25,5,32,29,1.0,69,2.38,28,6,10,8287,8582,1737,28.95,18,18,9,7,1,1,6,3,0,6,2,1,2,5,2,3,0,0,0,4,1
JP1_597320888,2026-08-14 00:19:40,440,CLASSIC,MATCHED_GAME,16.16.804.9184,UTILITY,Nami,True,1,8,20,42,33,79,21,0.6,108,3.1,45,4,7,9403,7982,2093,34.88,29,32,13,6,1,6,5,8,0,5,2,6,3,5,5,2,3,1,0,2,1
JP1_597312428,2026-08-13 23:32:22,440,CLASSIC,MATCHED_GAME,16.16.804.9184,UTILITY,Leona,False,2,9,3,23,37,27,35,0.83,137,3.24,62,7,14,9460,8423,2535,42.25,14,28,12,4,1,7,3,9,0,3,6,3,3,3,6,0,4,0,0,0,2
JP1_597301853,2026-08-13 22:47:37,420,CLASSIC,MATCHED_GAME,16.16.804.9184,UTILITY,Janna,False,2,8,2,10,35,15,29,0.84,117,3.4,49,10,17,9010,4259,2067,34.45,12,29,10,2,0,8,2,8,0,5,3,2,3,2,5,1,2,0,1,0,1
JP1_597285294,2026-08-13 21:25:56,400,CLASSIC,MATCHED_GAME,16.16.804.9184,UTILITY,Morgana,True,0,0,10,20,4,20,41,1.77,45,1.95,24,3,9,6724,8595,1387,23.12,10,14,6,4,2,0,6,0,0,1,5,0,2,4,0,1,0,1,0,2,0
JP1_597173784,2026-08-13 00:56:50,420,CLASSIC,MATCHED_GAME,16.16.804.9184,UTILITY,Leona,True,1,8,18,34,23,58,32,0.95,91,2.71,45,5,13,9042,9682,2016,33.6,27,25,14,6,2,6,6,8,0,4,5,5,4,4,6,4,1,1,1,4,0
JP1_597167711,2026-08-13 00:23:08,420,CLASSIC,MATCHED_GAME,16.16.804.9184,UTILITY,Nami,False,0,12,8,11,42,20,17,0.6,59,2.09,28,3,10,7057,6628,1696,28.27,20,27,13,1,1,11,1,12,0,4,4,5,5,6,2,1,5,0,2,1,1
JP1_597033125,2026-08-12 01:38:41,420,CLASSIC,MATCHED_GAME,16.15.802.4387,UTILITY,Leona,True,1,7,15,28,28,52,29,1.04,58,2.07,27,3,7,8110,9535,1679,27.98,23,22,13,5,3,5,6,7,0,4,5,4,7,5,1,3,1,0,0,4,2
JP1_597024269,2026-08-12 00:44:01,400,CLASSIC,MATCHED_GAME,16.15.802.4387,UTILITY,Seraphine,False,1,6,1,8,26,6,55,1.8,80,2.61,30,9,9,7519,9047,1838,30.63,8,18,7,1,0,6,1,6,0,3,3,1,2,3,2,0,1,0,1,0,4
JP1_596841033,2026-08-10 23:30:12,400,CLASSIC,MATCHED_GAME,16.15.802.4387,UTILITY,Leona,True,5,10,21,54,46,69,34,0.85,135,3.36,57,10,13,12998,15316,2409,40.15,36,42,17,8,2,7,7,10,0,6,3,8,6,6,5,1,2,2,0,2,1
JP1_596246810,2026-08-07 01:41:05,400,CLASSIC,MATCHED_GAME,16.15.802.4387,UTILITY,Leona,True,3,1,4,18,5,12,20,0.94,47,2.2,21,7,6,5943,5411,1280,21.33,8,18,6,5,1,0,5,1,0,5,1,0,3,3,0,0,0,0,0,2,0
JP1_596242575,2026-08-07 01:01:17,400,CLASSIC,MATCHED_GAME,16.15.802.4387,UTILITY,Morgana,True,5,1,8,28,7,28,36,1.5,63,2.62,36,3,17,7888,11921,1442,24.03,14,26,9,8,1,0,8,1,0,3,6,0,4,5,0,2,0,0,0,4,0
JP1_596223359,2026-08-06 23:23:16,400,CLASSIC,MATCHED_GAME,16.15.802.4387,UTILITY,Morgana,True,2,8,13,35,27,61,53,1.46,106,2.91,47,9,14,10468,18257,2184,36.4,23,22,12,7,0,5,4,8,1,4,3,4,5,4,3,4,0,2,1,1,0
JP1_596212015,2026-08-06 22:29:00,400,CLASSIC,MATCHED_GAME,16.15.802.4387,UTILITY,Pantheon,False,2,15,11,27,54,56,85,1.72,131,2.65,48,12,10,13990,17599,2963,49.38,28,36,18,5,2,11,3,15,2,3,5,8,5,5,8,4,0,1,0,4,5
JP1_596096320,2026-08-05 23:53:01,400,CLASSIC,MATCHED_GAME,16.15.802.4387,UTILITY,Seraphine,False,0,3,3,8,19,7,41,2.0,49,2.39,19,4,4,5147,9559,1229,20.48,6,18,4,1,1,2,1,3,0,3,0,1,1,3,0,0,1,0,0,0,0
JP1_596086841,2026-08-05 23:15:09,400,CLASSIC,MATCHED_GAME,16.15.802.4387,MIDDLE,Lissandra,False,8,11,5,23,43,29,142,4.37,54,1.66,21,8,6,12694,23973,1950,32.5,24,28,15,3,1,11,5,10,0,2,7,6,4,6,5,2,4,1,2,0,2
JP1_595715648,2026-08-03 02:00:01,420,CLASSIC,MATCHED_GAME,16.15.801.3452,UTILITY,Seraphine,False,1,5,7,17,28,28,67,1.88,103,2.89,43,9,12,9005,9181,2135,35.58,13,20,9,3,2,4,4,5,0,1,5,3,2,3,4,0,1,0,0,1,3
JP1_595704070,2026-08-03 00:22:22,420,CLASSIC,MATCHED_GAME,16.15.801.3452,UTILITY,Seraphine,False,2,7,6,24,39,30,37,1.23,63,2.09,28,2,8,7875,8732,1805,30.08,15,34,10,2,1,7,3,7,0,5,3,2,3,5,2,0,1,0,1,0,3
JP1_595694813,2026-08-02 23:45:22,420,CLASSIC,MATCHED_GAME,16.15.801.3452,UTILITY,Seraphine,False,2,12,14,23,44,41,44,1.35,77,2.37,41,7,15,9579,13341,1949,32.48,28,33,18,7,0,11,6,12,1,4,8,5,3,9,6,0,5,0,1,1,2
JP1_595638404,2026-08-02 18:45:07,420,CLASSIC,MATCHED_GAME,16.15.801.3452,UTILITY,Seraphine,False,1,7,13,27,50,46,85,1.82,134,2.87,70,9,16,12497,10483,2804,46.73,21,45,13,6,2,5,6,7,1,1,3,8,0,4,9,0,3,0,2,1,2
JP1_595635152,2026-08-02 18:20:05,400,CLASSIC,MATCHED_GAME,16.15.801.3452,UTILITY,Nami,True,2,4,4,18,12,13,13,0.85,33,2.15,14,1,7,4551,3180,921,15.35,10,17,5,2,0,3,1,4,1,1,3,0,4,1,0,0,0,1,0,1,0
JP1_595629512,2026-08-02 17:49:32,400,CLASSIC,MATCHED_GAME,16.15.801.3452,UTILITY,Seraphine,False,2,4,2,9,24,12,39,1.52,57,2.23,28,5,9,6752,8217,1536,25.6,8,21,6,0,3,3,2,4,0,2,3,1,2,4,0,0,0,0,0,0,0
JP1_595551229,2026-08-02 03:33:03,420,CLASSIC,MATCHED_GAME,16.15.801.3452,UTILITY,Seraphine,True,1,1,9,21,8,21,23,0.98,60,2.54,27,4,9,7115,6335,1415,23.58,11,19,7,5,1,1,6,1,0,2,4,1,3,4,0,2,0,1,0,4,0
JP1_595544302,2026-08-02 02:39:30,420,CLASSIC,MATCHED_GAME,16.15.801.3452,UTILITY,Seraphine,False,2,8,21,39,42,56,50,1.11,120,2.66,52,9,9,12898,17029,2705,45.08,31,35,17,10,1,6,9,8,0,4,9,4,3,5,9,2,3,1,2,2,2
JP1_595371655,2026-08-01 04:00:11,400,CLASSIC,MATCHED_GAME,16.15.801.3452,UTILITY,Morgana,False,1,14,8,23,45,17,46,1.45,80,2.52,31,5,9,9327,13584,1901,31.68,23,37,15,1,5,9,1,14,1,8,4,2,6,5,4,0,2,0,1,0,4
JP1_595367973,2026-08-01 03:30:26,400,CLASSIC,MATCHED_GAME,16.15.801.3452,UTILITY,Seraphine,False,1,8,3,17,31,15,22,1.0,60,2.73,22,5,6,5434,8609,1320,22.0,12,21,9,0,1,8,1,8,0,4,3,2,5,4,0,0,1,1,0,0,4
JP1_595366210,2026-08-01 02:52:16,400,CLASSIC,MATCHED_GAME,16.15.801.3452,UTILITY,Seraphine,True,1,8,14,26,25,52,33,0.97,102,3.01,44,8,10,9043,10636,2033,33.88,23,28,14,6,1,7,6,8,0,8,1,5,5,4,5,0,0,0,1,3,0
JP1_595357291,2026-08-01 01:50:20,400,CLASSIC,MATCHED_GAME,16.15.801.3452,UTILITY,Seraphine,True,3,6,21,42,22,64,64,1.43,116,2.6,55,4,10,13211,20063,2680,44.67,30,38,20,14,0,6,14,6,0,13,3,4,3,7,10,4,0,2,0,4,2
JP1_595351261,2026-08-01 01:16:45,400,CLASSIC,MATCHED_GAME,16.15.801.3452,UTILITY,Seraphine,True,1,2,22,36,17,57,32,1.17,57,2.09,28,0,7,8726,15595,1636,27.27,25,32,14,13,1,0,12,2,0,6,5,3,5,8,1,3,2,2,0,5,0
JP1_595318494,2026-07-31 22:56:19,420,CLASSIC,MATCHED_GAME,16.15.801.3452,UTILITY,Seraphine,True,1,4,12,36,24,46,35,1.17,73,2.44,39,2,8,8339,7082,1797,29.95,17,34,8,6,1,1,4,4,0,3,2,3,2,2,4,2,1,0,1,3,1
JP1_595308942,2026-07-31 22:22:46,400,CLASSIC,MATCHED_GAME,16.15.801.3452,UTILITY,Morgana,True,3,0,5,23,9,19,42,1.94,46,2.12,24,2,5,6616,6280,1302,21.7,8,21,6,5,1,0,6,0,0,4,2,0,1,5,0,1,2,1,0,1,0
JP1_595303130,2026-07-31 21:49:35,400,CLASSIC,MATCHED_GAME,16.15.801.3452,UTILITY,Leona,False,1,4,4,7,23,9,32,1.28,66,2.63,25,8,7,6376,7343,1504,25.07,9,21,8,4,0,4,4,4,1,5,1,1,6,2,0,0,3,0,0,0,1
JP1_594908369,2026-07-28 23:51:39,420,CLASSIC,MATCHED_GAME,16.14.794.9266,UTILITY,Nami,False,2,5,4,8,25,9,20,1.2,15,0.9,9,0,6,4827,5466,998,16.63,11,21,8,2,1,5,3,5,0,5,3,0,6,2,0,0,1,0,0,0,1
JP1_594897799,2026-07-28 23:05:20,420,CLASSIC,MATCHED_GAME,16.14.794.9266,UTILITY,Morgana,True,3,2,20,40,14,72,55,1.79,98,3.2,41,11,12,10573,16266,1839,30.65,25,29,14,12,0,2,12,2,0,4,5,5,4,6,4,3,2,1,0,3,0
JP1_594648671,2026-07-27 01:21:51,420,CLASSIC,MATCHED_GAME,16.14.794.9266,UTILITY,Morgana,True,3,9,30,50,41,95,57,1.43,124,3.1,46,11,15,13879,22422,2398,39.97,42,32,16,9,1,6,7,9,0,4,3,9,2,6,8,3,1,0,0,3,2
JP1_594642669,2026-07-27 00:43:02,400,CLASSIC,MATCHED_GAME,16.14.794.9266,UTILITY,Seraphine,True,2,0,11,33,15,36,49,1.6,84,2.74,33,5,8,8870,11237,1838,30.63,13,26,6,6,0,0,6,0,0,2,3,1,1,3,2,2,2,1,0,2,0
JP1_594433929,2026-07-25 23:12:09,420,CLASSIC,MATCHED_GAME,16.14.794.9266,UTILITY,Seraphine,True,1,5,25,42,21,53,49,1.42,105,3.04,42,11,13,11195,15025,2074,34.57,31,31,16,12,1,3,11,5,0,7,5,4,6,4,6,2,1,3,0,2,2
JP1_594423553,2026-07-25 22:30:57,400,CLASSIC,MATCHED_GAME,16.14.794.9266,UTILITY,Seraphine,True,2,6,18,37,18,57,29,0.85,93,2.71,38,1,12,9738,15565,2056,34.27,26,22,10,6,2,2,4,6,1,0,5,4,2,4,4,2,0,2,0,4,1
JP1_594265922,2026-07-25 00:11:55,400,CLASSIC,MATCHED_GAME,16.14.794.9266,BOTTOM,Ashe,False,0,5,0,4,13,4,82,4.94,9,0.54,5,0,0,4365,3177,996,16.6,5,13,5,0,2,3,0,5,0,3,2,0,3,2,0,0,1,0,0,1,1
JP1_594255355,2026-07-24 23:25:38,400,CLASSIC,MATCHED_GAME,16.14.794.9266,TOP,Illaoi,True,0,11,2,34,28,52,182,4.85,50,1.33,20,1,4,10446,21602,2253,37.55,13,40,12,2,0,10,1,11,6,3,2,1,3,4,5,1,1,0,0,0,3
JP1_593845205,2026-07-22 00:17:56,420,CLASSIC,MATCHED_GAME,16.14.794.5912,MIDDLE,Galio,False,2,7,4,17,32,17,181,4.75,34,0.89,18,4,2,10122,18076,2288,38.13,13,27,9,1,2,6,2,7,1,2,1,5,4,1,4,1,1,0,1,0,4
JP1_593840713,2026-07-22 00:04:35,420,CLASSIC,MATCHED_GAME,16.14.794.5912,UTILITY,Nami,False,0,0,0,0,0,0,1,0.82,0,0.0,1,0,2,536,0,73,1.22,0,0,0,0,0,0,0,0,0,0,0,0,0,0,0,0,0,0,0,0,0
JP1_593832544,2026-07-21 23:25:56,420,CLASSIC,MATCHED_GAME,16.14.794.5912,UTILITY,Nami,False,0,5,10,16,34,25,33,1.04,74,2.32,36,5,5,7516,5124,1913,31.88,15,20,8,3,1,4,3,5,0,0,4,4,0,3,5,0,4,0,2,0,4
JP1_593822384,2026-07-21 22:44:36,420,CLASSIC,MATCHED_GAME,16.14.794.5912,UTILITY,Morgana,False,1,7,7,21,40,27,58,1.88,73,2.37,32,7,6,8418,12566,1850,30.83,15,38,13,5,1,7,6,7,1,2,9,1,2,7,4,0,4,0,2,1,3
JP1_593814949,2026-07-21 22:18:59,420,CLASSIC,MATCHED_GAME,16.14.794.5912,UTILITY,Nami,True,0,4,7,19,15,13,25,1.21,30,1.45,18,1,6,5363,2683,1241,20.68,11,26,8,2,4,2,4,4,0,4,3,1,4,4,0,1,1,0,0,1,1
JP1_593556897,2026-07-20 03:20:20,420,CLASSIC,MATCHED_GAME,16.14.794.5912,UTILITY,Morgana,True,0,3,11,32,17,47,29,1.07,67,2.46,33,5,6,7357,11411,1631,27.18,14,27,9,6,0,3,6,3,0,4,2,3,2,6,1,3,0,1,0,3,0
JP1_593554309,2026-07-20 02:39:51,420,CLASSIC,MATCHED_GAME,16.14.794.5912,UTILITY,Nami,True,2,4,27,39,28,68,29,0.83,105,2.99,55,6,17,10681,7882,2108,35.13,33,38,19,13,2,4,15,4,0,5,9,5,4,6,9,1,2,1,1,1,2
JP1_593270722,2026-07-18 18:59:14,420,CLASSIC,MATCHED_GAME,16.14.794.5912,UTILITY,Nami,False,1,8,11,23,34,31,26,0.78,99,2.96,44,4,13,8612,6830,2004,33.4,20,25,12,5,2,5,4,8,0,4,3,5,3,4,5,1,3,0,3,0,3
JP1_593264876,2026-07-18 18:21:14,420,CLASSIC,MATCHED_GAME,16.14.794.5912,UTILITY,Nami,False,0,8,8,23,33,28,30,0.91,100,3.05,41,4,11,8266,6359,1968,32.8,16,24,12,6,0,6,4,8,0,2,5,5,3,5,4,1,3,0,2,4,1
JP1_592986902,2026-07-16 23:06:28,420,CLASSIC,MATCHED_GAME,16.14.794.5912,UTILITY,Nami,True,1,3,22,33,15,49,30,0.84,112,3.13,50,15,20,10648,7417,2145,35.75,26,25,13,10,2,1,10,3,0,4,7,2,5,3,5,2,3,2,0,2,0
JP1_592977857,2026-07-16 22:32:42,420,CLASSIC,MATCHED_GAME,16.14.794.5912,UTILITY,Morgana,False,2,7,8,25,36,28,58,2.0,55,1.89,29,5,8,8407,14796,1743,29.05,17,25,9,2,4,3,4,5,0,3,4,2,4,4,1,0,1,0,1,0,4
JP1_592855756,2026-07-16 00:40:48,420,CLASSIC,MATCHED_GAME,16.14.794.5912,UTILITY,Morgana,True,3,8,14,42,37,45,38,1.11,88,2.58,47,6,10,10415,19046,2047,34.12,25,30,11,6,3,2,3,8,0,1,4,6,4,3,4,3,1,1,1,2,0
JP1_592844137,2026-07-15 23:41:56,420,CLASSIC,MATCHED_GAME,16.14.794.5912,UTILITY,Nami,True,2,8,29,54,34,84,23,0.68,86,2.53,33,7,8,10545,11414,2039,33.98,39,35,17,9,2,6,9,8,1,2,7,7,4,8,5,4,1,3,2,3,0
JP1_592833784,2026-07-15 22:58:44,420,CLASSIC,MATCHED_GAME,16.14.794.5912,UTILITY,Nami,True,1,0,8,15,3,12,32,1.17,75,2.73,32,6,6,7327,3929,1647,27.45,9,14,8,8,0,0,8,0,0,7,1,0,3,4,1,0,0,0,0,6,0
JP1_592827787,2026-07-15 22:34:16,420,CLASSIC,MATCHED_GAME,16.14.794.5912,UTILITY,Seraphine,True,1,1,5,14,4,15,19,1.03,32,1.74,16,2,4,5064,8845,1104,18.4,7,13,4,3,0,1,3,1,0,2,1,1,2,2,0,3,0,0,0,1,0
JP1_592709920,2026-07-14 23:36:35,420,CLASSIC,MATCHED_GAME,16.13.791.5903,UTILITY,Nami,True,0,2,18,26,12,43,35,0.94,118,3.17,53,13,22,10099,8156,2231,37.18,20,23,13,9,2,2,11,2,0,6,5,2,2,3,8,2,1,0,0,3,1
JP1_592700375,2026-07-14 22:49:50,420,CLASSIC,MATCHED_GAME,16.13.791.5903,UTILITY,Nami,False,0,10,13,26,44,31,31,0.78,103,2.6,39,10,17,9917,10561,2381,39.68,23,28,14,3,1,10,4,10,0,3,4,7,0,6,8,1,4,0,2,1,6
JP1_592594621,2026-07-14 01:02:29,420,CLASSIC,MATCHED_GAME,16.13.791.5903,UTILITY,Nami,True,1,4,11,22,24,33,37,1.08,112,3.25,51,11,18,9346,7606,2065,34.42,16,26,11,7,0,4,7,4,0,4,4,3,2,7,2,2,1,0,1,2,1
JP1_592588648,2026-07-14 00:22:46,420,CLASSIC,MATCHED_GAME,16.13.791.5903,UTILITY,Nami,True,3,3,13,25,20,41,26,0.86,82,2.7,37,6,7,9473,7563,1822,30.37,19,18,7,5,1,1,4,3,1,0,3,3,1,4,2,2,1,1,1,1,0
JP1_592582664,2026-07-13 23:51:38,420,CLASSIC,MATCHED_GAME,16.13.791.5903,UTILITY,Nami,True,1,4,12,25,11,29,21,0.85,53,2.15,27,4,6,6417,5942,1480,24.67,17,25,9,7,1,1,5,4,0,4,4,1,3,6,0,0,0,0,1,3,0
JP1_592470895,2026-07-13 02:05:19,420,CLASSIC,MATCHED_GAME,16.13.791.5903,UTILITY,Nami,False,0,7,2,7,28,6,28,1.03,53,1.96,20,1,8,5913,2440,1626,27.1,9,18,8,1,1,6,2,6,0,3,3,2,2,5,1,0,1,0,1,0,4
JP1_592468449,2026-07-13 01:29:17,420,CLASSIC,MATCHED_GAME,16.13.791.5903,UTILITY,Nami,False,0,6,6,12,31,14,22,0.8,64,2.31,28,4,16,6446,6207,1659,27.65,12,25,9,3,0,6,3,6,0,5,1,3,4,3,2,0,3,0,1,0,4
JP1_592307679,2026-07-12 03:11:38,420,CLASSIC,MATCHED_GAME,16.13.791.5903,UTILITY,Nami,False,0,8,10,19,43,26,28,0.82,84,2.47,40,6,8,8421,7489,2037,33.95,18,30,13,4,2,7,5,8,0,4,6,3,3,5,5,0,2,0,1,1,3
JP1_592306373,2026-07-12 02:46:15,420,CLASSIC,MATCHED_GAME,16.13.791.5903,TOP,Olaf,False,0,6,0,4,20,6,77,3.76,14,0.68,7,1,0,4626,3978,1229,20.48,6,17,6,0,0,6,0,6,4,2,0,0,4,2,0,0,2,0,0,0,2
JP1_592134035,2026-07-11 03:42:29,400,CLASSIC,MATCHED_GAME,16.13.791.5903,UTILITY,Nami,False,1,4,15,27,39,56,50,0.84,155,2.6,69,7,20,14334,12552,3576,59.6,20,39,15,8,2,5,11,4,0,3,6,6,2,2,11,2,2,1,0,2,2
JP1_592130272,2026-07-11 03:06:21,400,CLASSIC,MATCHED_GAME,16.13.791.5903,MIDDLE,Lissandra,False,3,7,0,15,37,16,126,4.67,25,0.93,11,2,4,8126,14073,1620,27.0,10,21,8,2,0,6,1,7,1,2,0,5,1,6,1,1,2,0,0,0,3
JP1_591847983,2026-07-09 02:55:25,400,CLASSIC,MATCHED_GAME,16.13.791.5903,UTILITY,Nami,True,1,10,28,43,51,80,41,0.95,123,2.86,57,13,20,12025,7371,2581,43.02,39,35,16,6,2,8,6,10,0,5,3,8,1,5,10,5,3,0,2,3,1
JP1_591845835,2026-07-09 02:17:09,400,CLASSIC,MATCHED_GAME,16.13.791.5903,UTILITY,Rakan,True,1,5,13,30,21,44,36,1.11,77,2.38,35,8,13,9221,4723,1945,32.42,19,28,10,5,0,5,5,5,1,3,2,4,2,4,4,2,0,0,2,5,0
JP1_591434669,2026-07-06 02:03:51,400,CLASSIC,MATCHED_GAME,16.13.791.5903,UTILITY,Nami,True,2,3,11,27,21,35,24,0.79,76,2.49,35,6,8,8419,7295,1833,30.55,16,26,8,4,2,2,5,3,0,1,5,2,2,4,2,2,0,0,1,3,0
JP1_591429144,2026-07-06 01:07:17,400,CLASSIC,MATCHED_GAME,16.13.791.5903,UTILITY,Morgana,True,3,9,12,31,41,43,48,1.22,93,2.36,42,3,6,11834,30333,2363,39.38,24,32,13,4,2,7,4,9,0,2,3,8,1,5,7,3,2,2,1,1,3
JP1_591420730,2026-07-06 00:23:00,400,CLASSIC,MATCHED_GAME,16.13.791.5903,UTILITY,Milio,True,1,1,11,28,16,33,40,1.28,75,2.39,37,4,9,8562,7240,1881,31.35,13,29,8,7,0,1,7,1,0,4,3,1,3,3,2,2,0,1,0,3,0
JP1_591256919,2026-07-05 03:21:23,400,CLASSIC,MATCHED_GAME,16.13.791.5903,UTILITY,Nami,True,3,2,13,26,11,34,32,1.22,64,2.43,24,3,9,8790,7021,1578,26.3,18,21,11,9,1,1,9,2,0,6,4,1,3,6,2,5,0,2,0,2,0
JP1_591064825,2026-07-04 03:01:40,400,CLASSIC,MATCHED_GAME,16.13.791.5903,UTILITY,Nami,False,0,4,2,9,28,7,35,1.26,70,2.53,30,4,10,6096,7953,1663,27.72,6,19,5,1,0,4,1,4,0,1,2,2,1,3,1,1,3,0,0,0,2
JP1_590908218,2026-07-03 01:48:19,400,CLASSIC,MATCHED_GAME,16.13.791.5903,MIDDLE,Galio,True,2,4,16,40,14,52,153,4.85,36,1.14,18,3,8,9775,18279,1892,31.53,22,31,10,7,1,2,6,4,0,3,6,1,2,5,3,2,1,1,0,2,1
JP1_590617657,2026-07-01 00:21:19,400,CLASSIC,MATCHED_GAME,16.13.791.5903,UTILITY,Nami,True,0,1,19,27,11,37,24,0.71,99,2.94,47,5,13,9231,8759,2019,33.65,20,22,11,10,1,0,10,1,0,5,4,2,3,5,3,1,1,0,0,2,0
JP1_590607790,2026-06-30 23:38:16,400,CLASSIC,MATCHED_GAME,16.13.791.5903,UTILITY,Morgana,True,0,10,16,34,26,47,46,1.36,74,2.18,36,3,9,9177,21110,2034,33.9,26,36,18,8,2,8,8,10,0,7,7,4,6,6,6,3,1,2,0,4,1
JP1_590492429,2026-06-30 01:16:28,400,CLASSIC,MATCHED_GAME,16.13.791.5903,UTILITY,Nami,True,1,6,21,36,23,48,35,0.91,116,3.01,52,7,17,10760,11535,2310,38.5,28,33,17,11,1,5,11,6,0,9,4,4,6,6,5,3,1,3,1,2,2
JP1_590484680,2026-06-30 00:34:32,400,CLASSIC,MATCHED_GAME,16.13.791.5903,UTILITY,Nami,True,1,5,16,24,25,42,44,1.18,112,3.0,40,10,12,10438,9847,2237,37.28,22,28,13,8,2,3,8,5,0,6,4,3,2,5,6,1,2,0,0,2,1
JP1_589739996,2026-06-26 00:50:56,420,CLASSIC,MATCHED_GAME,16.13.790.6961,UTILITY,Nami,False,0,2,3,10,26,9,22,0.94,29,1.24,18,0,5,5334,5859,1406,23.43,5,25,4,2,0,2,2,2,0,3,1,0,1,3,0,0,2,0,0,0,3
JP1_589731144,2026-06-26 00:06:40,400,CLASSIC,MATCHED_GAME,16.13.790.6961,UTILITY,Seraphine,True,1,6,17,34,24,52,29,1.0,65,2.25,34,2,9,8334,10450,1736,28.93,24,28,13,8,2,3,7,6,0,6,4,3,5,6,2,3,0,3,0,4,1
JP1_589555264,2026-06-25 02:07:56,400,CLASSIC,MATCHED_GAME,16.13.789.3741,UTILITY,Zyra,True,4,6,11,32,27,50,38,0.9,135,3.18,62,6,15,11772,16503,2547,42.45,21,34,10,6,1,3,4,6,1,3,3,3,2,2,6,1,0,1,0,3,1
JP1_589550525,2026-06-25 01:33:19,400,CLASSIC,MATCHED_GAME,16.13.789.3741,UTILITY,Morgana,False,7,5,15,30,35,48,57,1.85,68,2.2,36,0,11,11933,24674,1852,30.87,27,34,16,11,1,4,11,5,0,6,6,4,8,6,2,1,1,2,1,2,1
JP1_589542931,2026-06-25 00:47:59,400,CLASSIC,MATCHED_GAME,16.13.789.3741,JUNGLE,Nocturne,True,1,11,12,35,41,55,183,5.12,15,0.42,2,4,0,11442,12754,2145,35.75,24,33,14,6,1,7,3,11,0,5,4,5,4,5,5,1,3,0,1,1,4
JP1_589536132,2026-06-25 00:08:31,400,CLASSIC,MATCHED_GAME,16.13.789.3741,BOTTOM,Caitlyn,False,2,16,4,21,49,25,158,5.19,21,0.69,11,2,1,11169,10747,1828,30.47,22,28,16,1,1,14,0,16,0,6,6,4,8,5,3,0,1,0,2,0,6
JP1_589526185,2026-06-24 23:33:15,400,CLASSIC,MATCHED_GAME,16.13.789.3741,JUNGLE,Nocturne,True,8,3,10,36,19,59,190,6.4,20,0.67,3,5,1,12465,13887,1782,29.7,21,31,11,9,2,0,8,3,0,4,2,5,2,6,3,6,1,1,0,1,0
JP1_589508997,2026-06-24 22:39:11,400,CLASSIC,MATCHED_GAME,16.13.789.3741,UTILITY,Morgana,True,3,3,10,29,15,44,60,1.86,88,2.73,37,6,13,10002,14660,1937,32.28,16,21,9,6,0,3,6,3,0,2,4,3,1,5,3,2,0,2,1,4,0
JP1_589230849,2026-06-23 01:16:06,400,CLASSIC,MATCHED_GAME,16.12.788.4269,UTILITY,Morgana,False,3,2,2,9,15,7,22,1.21,33,1.81,16,0,7,5361,8466,1094,18.23,7,18,6,3,1,2,4,2,0,4,2,0,4,2,0,0,0,0,0,0,1
JP1_589224760,2026-06-23 00:38:08,400,CLASSIC,MATCHED_GAME,16.12.788.4269,UTILITY,Morgana,True,4,8,14,42,39,48,58,1.73,85,2.53,43,3,12,11257,22843,2016,33.6,26,41,13,6,2,5,5,8,0,3,7,3,4,6,3,3,1,1,1,2,2
JP1_589223792,2026-06-23 00:29:33,400,CLASSIC,MATCHED_GAME,16.12.788.4269,UTILITY,Seraphine,False,0,0,0,0,0,0,3,0.89,0,0.0,2,0,2,974,1066,203,3.38,0,0,0,0,0,0,0,0,0,0,0,0,0,0,0,0,0,0,0,0,0
JP1_588543292,2026-06-19 01:54:04,400,CLASSIC,MATCHED_GAME,16.12.788.4269,UTILITY,Seraphine,False,2,11,11,20,38,29,23,0.85,43,1.58,19,2,6,8122,11551,1630,27.17,24,24,15,5,2,8,5,10,0,8,4,3,7,7,1,1,1,1,1,2,4
JP1_588538442,2026-06-19 01:14:50,400,CLASSIC,MATCHED_GAME,16.12.788.4269,UTILITY,Seraphine,False,4,7,9,19,43,25,57,1.66,64,1.87,24,4,7,10006,14894,2056,34.27,20,34,12,4,2,6,5,7,0,4,5,3,1,6,5,1,2,0,1,3,2
JP1_588531273,2026-06-19 00:35:17,400,CLASSIC,MATCHED_GAME,16.12.788.4269,UTILITY,Senna,True,5,5,6,29,22,27,41,1.32,85,2.74,31,5,9,9811,13142,1862,31.03,16,30,13,6,3,4,8,5,0,6,6,1,5,5,3,2,1,0,1,2,0
JP1_588523467,2026-06-18 23:55:50,400,CLASSIC,MATCHED_GAME,16.12.788.4269,BOTTOM,Ashe,False,2,10,3,22,37,17,154,4.56,35,1.04,13,2,2,10559,15898,2026,33.77,15,33,11,1,2,8,1,10,0,4,6,1,4,4,3,1,1,0,1,1,2
JP1_588381904,2026-06-18 00:44:42,420,CLASSIC,MATCHED_GAME,16.12.788.4269,UTILITY,Braum,True,1,8,14,38,33,62,32,0.76,111,2.64,46,8,13,11283,6085,2526,42.1,23,30,14,7,2,5,6,8,0,4,6,4,3,3,8,3,1,1,0,3,1
JP1_588372720,2026-06-17 23:57:38,400,CLASSIC,MATCHED_GAME,16.12.788.4269,UTILITY,Rakan,True,0,2,10,21,10,34,42,1.29,78,2.39,28,7,8,8817,6670,1958,32.63,12,20,7,5,0,2,5,2,0,4,1,2,2,3,2,1,1,0,1,4,0
JP1_588241158,2026-06-17 01:58:55,400,CLASSIC,MATCHED_GAME,16.12.786.9679,MIDDLE,Lissandra,True,4,6,7,36,16,39,143,5.2,23,0.84,12,2,5,9297,18804,1649,27.48,17,30,11,5,1,5,5,6,5,2,2,2,5,5,1,1,1,2,0,2,0
JP1_588237043,2026-06-17 01:30:07,400,CLASSIC,MATCHED_GAME,16.12.786.9679,UTILITY,Morgana,False,1,5,4,9,26,10,51,2.06,62,2.5,25,6,10,7181,11216,1486,24.77,10,23,9,2,1,6,4,5,0,3,6,0,4,5,0,1,1,0,0,1,2
JP1_587939709,2026-06-15 03:10:28,400,CLASSIC,MATCHED_GAME,16.12.786.9679,JUNGLE,Nocturne,False,3,6,3,9,23,10,111,3.99,17,0.61,6,3,5,8345,9121,1670,27.83,12,18,9,4,0,5,3,6,0,3,5,1,3,4,2,1,2,0,0,1,3
JP1_587937088,2026-06-15 02:27:52,400,CLASSIC,MATCHED_GAME,16.12.786.9679,UTILITY,Morgana,False,1,10,12,33,36,35,75,2.07,105,2.9,40,11,13,10306,16795,2169,36.15,23,37,16,7,1,8,6,10,0,9,3,4,3,8,5,0,3,0,3,2,3
JP1_587934023,2026-06-15 01:57:23,400,CLASSIC,MATCHED_GAME,16.12.786.9679,JUNGLE,Nocturne,False,1,6,7,12,30,16,109,4.69,13,0.56,6,0,0,7604,9843,1393,23.22,14,27,9,3,3,3,3,6,0,2,6,1,3,6,0,0,3,0,0,1,2
JP1_587930135,2026-06-15 01:27:22,400,CLASSIC,MATCHED_GAME,16.12.786.9679,JUNGLE,Pantheon,False,2,9,3,10,31,14,105,4.46,16,0.68,2,0,2,7112,8607,1413,23.55,14,20,11,2,0,9,2,9,2,4,1,4,5,6,0,0,6,0,2,0,3
JP1_587918620,2026-06-15 00:24:35,400,CLASSIC,MATCHED_GAME,16.12.786.9679,UTILITY,Karma,True,2,6,16,32,17,39,45,1.39,80,2.47,31,2,10,9819,12892,1946,32.43,24,28,14,8,2,4,8,6,0,8,4,2,3,6,5,8,0,1,1,4,0
JP1_587909911,2026-06-14 23:46:55,400,CLASSIC,MATCHED_GAME,16.12.786.9679,BOTTOM,Ashe,False,13,7,5,24,40,27,186,5.96,28,0.9,13,2,2,14219,30791,1874,31.23,25,35,17,8,3,6,10,7,1,6,7,3,6,7,4,1,4,0,0,2,5
JP1_587717653,2026-06-14 01:41:53,420,CLASSIC,MATCHED_GAME,16.12.786.9679,UTILITY,Morgana,False,3,9,8,29,35,37,99,2.29,87,2.02,42,7,10,11902,27597,2589,43.15,20,32,15,5,4,6,6,9,0,5,5,5,3,4,8,0,3,0,2,2,3
JP1_587705855,2026-06-14 00:52:58,420,CLASSIC,MATCHED_GAME,16.12.786.9679,UTILITY,Morgana,True,3,2,18,40,25,50,62,1.97,78,2.48,29,4,7,10322,17312,1886,31.43,23,34,14,11,1,2,12,2,0,6,4,4,5,6,3,0,1,2,0,3,3
JP1_587697101,2026-06-14 00:14:23,420,CLASSIC,MATCHED_GAME,16.12.786.9679,UTILITY,Nami,True,3,5,10,37,24,33,44,1.56,53,1.88,22,5,7,9582,5496,1692,28.2,18,32,14,10,1,3,9,5,0,9,1,4,2,9,3,1,1,2,1,1,2
JP1_587686624,2026-06-13 23:45:21,400,CLASSIC,MATCHED_GAME,16.12.786.9679,UTILITY,Janna,True,0,0,2,14,2,7,23,1.5,23,1.5,9,2,4,3744,2577,922,15.37,2,13,1,1,0,0,1,0,0,0,1,0,0,1,0,0,0,0,0,0,0
JP1_587676299,2026-06-13 23:05:32,400,CLASSIC,MATCHED_GAME,16.12.786.9679,UTILITY,Milio,False,0,5,5,13,27,19,31,0.93,66,1.99,30,4,11,7340,3691,1990,33.17,10,20,8,2,1,5,3,5,0,1,2,5,0,4,4,1,2,0,1,1,3
JP1_587147991,2026-06-11 01:08:14,420,CLASSIC,MATCHED_GAME,16.12.785.1316,UTILITY,Leona,False,0,4,1,5,11,3,20,0.97,32,1.55,14,2,4,4340,1570,1242,20.7,5,12,4,0,0,4,0,4,0,2,2,0,3,1,0,0,0,0,0,1,2
JP1_587143693,2026-06-11 00:34:35,420,CLASSIC,MATCHED_GAME,16.12.785.1316,UTILITY,Morgana,False,5,7,5,23,39,19,72,2.51,79,2.75,31,6,10,10464,12120,1724,28.73,17,30,13,4,3,6,6,7,0,4,7,2,4,6,3,0,3,0,2,1,3
JP1_587137971,2026-06-11 00:09:17,420,CLASSIC,MATCHED_GAME,16.12.785.1316,UTILITY,Nami,True,1,1,17,30,6,30,23,1.15,52,2.59,22,5,10,7003,5317,1204,20.07,19,20,12,11,1,0,11,1,0,9,1,2,8,4,0,4,0,1,0,3,0
JP1_587124674,2026-06-10 23:27:53,400,CLASSIC,MATCHED_GAME,16.12.785.1316,UTILITY,Morgana,True,4,1,14,32,13,39,71,2.5,66,2.33,26,4,8,9980,18616,1702,28.37,19,25,12,11,0,1,11,1,0,6,4,2,6,4,2,1,1,0,0,1,1
JP1_586988955,2026-06-10 00:49:00,400,CLASSIC,MATCHED_GAME,16.11.782.9736,BOTTOM,Ashe,True,6,6,10,30,16,46,145,5.33,35,1.29,12,6,3,11184,15851,1632,27.2,22,16,12,8,0,4,6,6,0,4,6,2,5,6,1,2,0,1,1,5,0
JP1_586313675,2026-06-06 02:58:51,400,CLASSIC,MATCHED_GAME,16.11.782.9736,UTILITY,Morgana,True,3,3,11,20,24,31,64,1.74,100,2.72,43,3,11,11349,28093,2207,36.78,17,20,12,9,1,2,9,3,1,5,1,5,4,1,7,1,0,0,2,2,1
JP1_586308328,2026-06-06 02:15:04,400,CLASSIC,MATCHED_GAME,16.11.782.9736,BOTTOM,Ashe,False,9,10,12,36,43,59,194,5.07,37,0.97,16,5,5,15074,37316,2295,38.25,31,31,14,4,4,6,4,10,0,2,4,8,3,4,7,3,3,0,1,2,2
JP1_586125297,2026-06-04 23:49:14,400,CLASSIC,MATCHED_GAME,16.11.782.9736,UTILITY,Braum,True,2,4,28,42,24,96,36,0.9,78,1.94,37,3,7,11959,12047,2413,40.22,34,33,18,14,1,3,14,4,0,6,3,9,3,6,9,6,1,2,0,5,0
JP1_586089933,2026-06-04 21:40:04,400,CLASSIC,MATCHED_GAME,16.11.782.9736,UTILITY,Seraphine,False,3,3,28,38,36,61,83,2.3,86,2.38,27,7,9,12131,20308,2166,36.1,34,34,16,11,2,3,13,3,0,6,6,4,6,7,3,2,1,0,1,2,0
JP1_586084566,2026-06-04 21:17:24,400,CLASSIC,MATCHED_GAME,16.11.782.9736,UTILITY,Milio,True,0,0,6,19,6,11,23,1.22,33,1.75,16,4,6,4891,3044,1131,18.85,6,21,5,4,1,0,5,0,0,3,2,0,3,2,0,0,1,0,1,0,0
JP1_585987767,2026-06-04 01:06:27,420,CLASSIC,MATCHED_GAME,16.11.782.9736,UTILITY,Seraphine,True,1,3,14,43,21,47,42,1.17,95,2.64,42,5,14,10118,10497,2163,36.05,18,32,12,8,1,3,9,3,1,3,4,4,1,6,5,2,1,0,0,3,0
JP1_585981782,2026-06-04 00:31:09,420,CLASSIC,MATCHED_GAME,16.11.782.9736,UTILITY,Morgana,False,3,12,5,20,41,27,58,1.89,63,2.06,29,4,8,9522,13490,1837,30.62,20,31,14,3,1,10,2,12,1,5,7,1,5,5,4,0,4,0,3,0,3
JP1_585973881,2026-06-03 23:53:57,420,CLASSIC,MATCHED_GAME,16.11.782.9736,UTILITY,Janna,False,2,5,2,11,26,8,40,1.19,71,2.11,38,6,8,8088,4788,2021,33.68,9,25,7,2,0,5,2,5,0,3,3,1,2,1,4,0,0,0,0,0,1
JP1_585954953,2026-06-03 22:44:02,400,CLASSIC,MATCHED_GAME,16.11.782.9736,UTILITY,Seraphine,True,6,4,20,42,23,49,74,2.08,84,2.36,33,1,8,12129,20293,2133,35.55,30,39,18,13,4,1,14,4,0,10,7,1,6,6,6,2,0,1,0,4,0
JP1_585779279,2026-06-02 22:49:11,400,CLASSIC,MATCHED_GAME,16.11.782.1492,UTILITY,Milio,True,3,4,21,37,29,67,65,1.6,107,2.64,45,6,10,11827,9216,2430,40.5,28,33,13,8,1,4,9,4,0,2,4,7,1,4,8,2,1,1,0,3,4
JP1_585641326,2026-06-01 23:56:06,400,CLASSIC,MATCHED_GAME,16.11.781.1789,UTILITY,Morgana,True,4,9,14,31,38,44,63,1.81,96,2.75,35,6,10,11456,31823,2093,34.88,27,31,12,4,0,8,3,9,0,0,6,6,1,4,7,0,2,2,0,1,3
JP1_585630522,2026-06-01 23:20:26,400,CLASSIC,MATCHED_GAME,16.11.781.1789,UTILITY,Seraphine,True,2,4,14,28,16,52,39,1.67,56,2.39,20,6,7,7700,10029,1403,23.38,20,15,10,7,1,2,6,4,0,2,4,4,4,6,0,4,0,1,0,3,0
JP1_585625679,2026-06-01 23:01:06,400,CLASSIC,MATCHED_GAME,16.11.781.1789,UTILITY,Morgana,False,2,1,2,7,9,6,20,1.35,19,1.29,10,2,6,4492,5237,887,14.78,5,14,4,3,1,0,3,1,0,3,1,0,4,0,0,1,0,0,0,1,0
JP1_585311976,2026-05-31 03:01:04,400,CLASSIC,MATCHED_GAME,16.11.781.1789,MIDDLE,Galio,False,2,11,9,23,42,40,129,3.73,43,1.24,20,3,10,9961,12779,2074,34.57,22,30,11,1,0,10,0,11,2,0,3,6,2,5,4,1,3,0,1,0,3
JP1_585305580,2026-05-31 02:13:41,400,CLASSIC,MATCHED_GAME,16.11.781.1789,JUNGLE,Pantheon,False,0,4,1,11,32,17,144,5.98,18,0.75,11,0,3,7163,4118,1444,24.07,5,29,5,0,1,4,1,4,1,1,1,2,2,3,0,1,1,0,1,0,1
JP1_584394437,2026-05-25 23:00:40,400,CLASSIC,MATCHED_GAME,16.10.776.5552,UTILITY,Rakan,True,0,0,9,23,2,16,16,0.83,40,2.07,17,0,4,5208,5994,1158,19.3,9,19,5,5,0,0,5,0,0,2,2,1,1,4,0,0,0,0,0,1,0
JP1_584269709,2026-05-25 01:55:47,400,CLASSIC,MATCHED_GAME,16.10.776.5552,UTILITY,Leona,True,1,8,17,38,24,39,31,1.03,81,2.68,34,6,4,8815,7305,1812,30.2,26,28,12,8,2,2,4,8,0,4,5,3,3,7,2,2,1,1,1,4,1
JP1_584264807,2026-05-25 01:24:22,400,CLASSIC,MATCHED_GAME,16.10.776.5552,UTILITY,Nami,False,2,5,7,13,22,23,25,1.01,59,2.39,23,3,5,6561,6611,1483,24.72,14,15,7,1,2,4,2,5,0,2,3,2,1,6,0,0,2,0,0,0,0
JP1_584246377,2026-05-24 23:49:25,400,CLASSIC,MATCHED_GAME,16.10.776.5552,UTILITY,Morgana,True,2,3,14,35,18,31,55,1.92,60,2.1,26,4,5,9627,19116,1717,28.62,19,34,13,8,3,2,10,3,1,7,3,2,6,6,1,1,2,0,1,2,1
JP1_584062947,2026-05-24 03:13:39,400,CLASSIC,MATCHED_GAME,16.10.776.5552,TOP,Illaoi,False,1,11,1,7,43,9,172,5.68,22,0.73,10,0,1,8807,16240,1816,30.27,13,29,11,0,0,11,0,11,7,3,0,1,3,5,3,0,2,0,1,0,5
JP1_584057876,2026-05-24 02:41:52,400,CLASSIC,MATCHED_GAME,16.10.776.5552,BOTTOM,Ashe,True,2,6,10,25,24,41,128,4.65,24,0.87,11,2,0,8715,11003,1650,27.5,18,23,9,5,1,3,3,6,0,3,2,4,3,4,2,0,0,1,0,3,1
JP1_584009074,2026-05-23 23:19:04,400,CLASSIC,MATCHED_GAME,16.10.776.5552,UTILITY,Janna,False,0,0,0,6,11,0,14,0.86,27,1.66,13,2,0,3610,2632,974,16.23,0,13,0,0,0,0,0,0,0,0,0,0,0,0,0,0,0,0,0,0,0
JP1_583999160,2026-05-23 22:43:20,400,CLASSIC,MATCHED_GAME,16.10.776.5552,UTILITY,Morgana,True,2,0,6,20,2,16,39,1.64,48,2.02,26,6,5,6390,10599,1427,23.78,8,16,5,5,0,0,5,0,0,3,1,1,2,3,0,2,0,0,0,2,0
JP1_583912007,2026-05-23 15:54:19,400,CLASSIC,MATCHED_GAME,16.10.776.5552,UTILITY,Nami,True,2,7,20,30,36,42,51,1.23,100,2.42,37,12,6,11650,16393,2482,41.37,29,36,14,8,1,5,7,7,0,5,6,3,3,6,5,0,2,0,0,2,3
JP1_583830842,2026-05-23 02:25:24,400,CLASSIC,MATCHED_GAME,16.10.776.5552,UTILITY,Morgana,False,4,5,14,25,34,35,56,1.6,68,1.94,30,0,5,11033,24712,2103,35.05,23,28,14,8,1,5,9,5,1,4,5,4,4,6,4,2,3,0,0,1,3
JP1_583647018,2026-05-22 01:29:23,400,CLASSIC,MATCHED_GAME,16.10.776.5552,UTILITY,Nami,True,1,2,23,29,15,49,30,1.03,80,2.75,30,6,7,9334,8815,1745,29.08,26,22,11,10,0,1,9,2,0,5,2,4,5,5,1,2,0,1,0,3,1
JP1_583638626,2026-05-22 00:48:49,400,CLASSIC,MATCHED_GAME,16.10.776.5552,UTILITY,Morgana,False,1,5,1,6,25,6,56,2.08,60,2.23,18,9,5,6819,14998,1613,26.88,7,22,6,1,1,4,1,5,0,2,2,2,1,4,1,1,1,0,1,0,1
JP1_583627479,2026-05-22 00:00:45,400,CLASSIC,MATCHED_GAME,16.10.776.5552,UTILITY,Nami,False,0,4,8,17,34,18,29,0.78,81,2.17,39,3,3,8271,7260,2237,37.28,12,24,7,2,2,3,3,4,0,1,2,4,1,1,5,0,2,1,0,1,2
JP1_583619029,2026-05-21 23:22:44,400,CLASSIC,MATCHED_GAME,16.10.776.5552,UTILITY,Seraphine,False,0,3,5,20,32,16,61,1.82,56,1.67,19,5,2,8387,19222,2014,33.57,8,25,7,2,1,4,4,3,0,0,4,3,1,2,4,0,3,0,2,0,2
JP1_583457881,2026-05-21 00:05:15,400,CLASSIC,MATCHED_GAME,16.10.776.5552,UTILITY,Janna,True,0,0,0,11,4,1,24,1.41,29,1.7,13,1,4,3619,1624,1024,17.07,0,16,0,0,0,0,0,0,0,0,0,0,0,0,0,0,0,0,0,0,0
JP1_583454180,2026-05-20 23:43:50,400,CLASSIC,MATCHED_GAME,16.10.776.5552,UTILITY,Nami,False,1,1,0,3,11,1,29,1.98,28,1.91,11,1,3,3848,1736,879,14.65,2,12,2,1,0,1,1,1,1,1,0,0,1,1,0,0,1,0,0,0,0
JP1_583441601,2026-05-20 22:57:45,400,CLASSIC,MATCHED_GAME,16.10.776.5552,UTILITY,Nami,False,1,7,12,29,31,41,32,0.78,97,2.36,41,3,10,9792,13049,2465,41.08,20,28,11,5,1,5,4,7,0,1,3,7,1,3,7,0,4,1,2,0,1
JP1_583304510,2026-05-20 01:25:45,400,CLASSIC,MATCHED_GAME,16.10.776.5552,UTILITY,Nami,True,2,5,16,36,19,44,41,1.2,70,2.05,32,7,3,10228,9826,2045,34.08,23,22,11,5,2,4,6,5,0,3,3,5,1,6,4,5,0,1,0,4,1
JP1_583298302,2026-05-20 00:46:42,400,CLASSIC,MATCHED_GAME,16.10.776.5552,UTILITY,Renata,False,0,3,3,6,19,6,39,1.4,72,2.59,26,9,5,6480,4331,1666,27.77,6,12,6,2,0,4,3,3,0,2,2,2,1,3,2,1,3,0,1,0,1
JP1_583103270,2026-05-18 22:56:39,400,CLASSIC,MATCHED_GAME,16.10.776.5552,UTILITY,Nami,True,5,7,16,32,37,53,54,1.13,125,2.62,51,4,3,14414,18370,2865,47.75,28,38,17,8,2,7,10,7,0,7,6,4,4,3,10,3,1,0,0,3,2
JP1_582335397,2026-05-15 01:35:56,400,CLASSIC,MATCHED_GAME,16.10.775.1511,UTILITY,Seraphine,False,0,3,4,11,36,17,51,1.89,52,1.92,22,4,6,7175,8794,1621,27.02,7,26,6,2,0,4,3,3,0,1,2,3,1,4,1,0,1,1,1,1,1
JP1_582332415,2026-05-15 01:17:05,400,CLASSIC,MATCHED_GAME,16.10.775.1511,UTILITY,Nami,False,0,1,0,2,11,1,14,1.22,12,1.05,8,1,1,2602,1372,688,11.47,1,11,1,0,0,1,0,1,0,1,0,0,1,0,0,0,0,0,0,0,0
JP1_582317507,2026-05-15 00:05:48,400,CLASSIC,MATCHED_GAME,16.10.775.1511,UTILITY,Seraphine,True,2,4,15,24,13,51,57,1.7,74,2.2,38,7,2,9804,14304,2014,33.57,21,20,10,5,1,4,6,4,0,4,1,5,2,4,4,1,1,1,0,4,0
JP1_582155249,2026-05-14 01:25:38,400,CLASSIC,MATCHED_GAME,16.10.775.1511,UTILITY,Morgana,True,6,2,7,24,13,29,46,2.06,48,2.15,20,4,4,8018,15757,1341,22.35,15,20,10,9,0,1,8,2,2,4,2,2,6,4,0,2,0,1,0,2,0
JP1_581806456,2026-05-12 00:19:57,400,CLASSIC,MATCHED_GAME,16.9.772.8292,UTILITY,Braum,True,1,2,10,30,4,19,11,0.72,18,1.18,11,0,0,4840,2555,912,15.2,13,21,8,8,0,0,6,2,0,4,4,0,7,1,0,1,1,2,0,2,0
JP1_581800511,2026-05-11 23:54:15,400,CLASSIC,MATCHED_GAME,16.9.772.8292,MIDDLE,Galio,True,0,1,1,18,4,16,102,5.84,7,0.4,6,0,0,4810,6407,1048,17.47,2,18,2,1,0,1,1,1,1,0,1,0,1,1,0,0,0,0,0,0,0
JP1_581790090,2026-05-11 23:14:30,400,CLASSIC,MATCHED_GAME,16.9.772.8292,MIDDLE,Galio,False,0,8,2,9,31,11,166,5.12,42,1.29,18,1,7,8232,13567,1947,32.45,10,22,7,0,0,7,0,7,3,1,0,3,3,2,2,0,1,0,0,0,2
JP1_581777636,2026-05-11 22:37:05,400,CLASSIC,MATCHED_GAME,16.9.772.8292,MIDDLE,Galio,True,4,7,14,27,30,50,137,4.17,36,1.1,16,2,6,10458,14643,1969,32.82,25,29,12,4,1,7,5,7,0,5,3,4,4,5,3,1,0,0,1,2,2
JP1_581767336,2026-05-11 21:53:13,400,CLASSIC,MATCHED_GAME,16.9.772.8292,MIDDLE,Anivia,True,1,6,7,37,25,72,131,3.55,40,1.09,21,2,5,9054,5602,2211,36.85,14,33,11,6,2,3,5,6,2,2,5,2,0,5,6,3,1,1,1,1,0
JP1_581640753,2026-05-11 00:04:01,400,CLASSIC,MATCHED_GAME,16.9.772.8292,UTILITY,Milio,True,0,0,7,14,3,14,18,1.17,21,1.36,10,1,3,4415,2788,924,15.4,7,9,4,3,0,1,4,0,0,2,2,0,4,0,0,0,0,0,0,2,0
JP1_581439116,2026-05-10 01:54:24,400,CLASSIC,MATCHED_GAME,16.9.772.8292,UTILITY,Nami,False,1,2,0,4,16,0,16,0.8,27,1.35,13,1,2,4667,3316,1203,20.05,3,11,2,0,1,1,0,2,0,0,1,1,0,2,0,0,1,0,0,0,2
JP1_581432017,2026-05-10 01:22:50,400,CLASSIC,MATCHED_GAME,16.9.772.8292,UTILITY,Nami,True,4,1,16,37,7,37,29,1.29,40,1.78,16,2,4,7764,6473,1352,22.53,21,28,12,10,2,0,11,1,0,9,2,1,5,7,0,4,0,2,0,2,0
JP1_581415669,2026-05-10 00:26:16,400,CLASSIC,MATCHED_GAME,16.9.772.8292,UTILITY,Nami,False,0,9,5,21,31,18,20,0.76,32,1.21,15,1,2,6036,5430,1583,26.38,14,28,12,2,1,9,3,9,0,6,5,1,7,4,1,1,2,2,1,2,1
JP1_581402157,2026-05-09 23:38:30,400,CLASSIC,MATCHED_GAME,16.9.772.8292,UTILITY,Morgana,True,7,3,12,29,15,46,79,2.38,76,2.29,38,1,1,11344,17212,1988,33.13,22,27,12,10,0,2,9,3,0,7,3,2,3,5,4,1,1,0,1,5,1
JP1_581386479,2026-05-09 22:50:20,400,CLASSIC,MATCHED_GAME,16.9.772.8292,UTILITY,Janna,False,0,10,20,33,33,65,32,0.73,109,2.5,40,14,8,10764,9239,2615,43.58,30,27,14,5,3,6,4,10,0,2,6,6,4,2,8,1,3,0,1,0,3
JP1_581373890,2026-05-09 22:13:25,400,CLASSIC,MATCHED_GAME,16.9.772.8292,UTILITY,Morgana,True,5,3,18,47,18,42,54,1.87,70,2.42,30,2,4,11019,15653,1732,28.87,26,29,14,11,2,1,11,3,1,7,3,3,7,4,3,2,0,1,0,2,0
JP1_581341733,2026-05-09 20:00:11,400,CLASSIC,MATCHED_GAME,16.9.772.8292,UTILITY,Nami,False,0,7,14,23,25,38,38,1.05,107,2.95,40,10,6,9183,8450,2174,36.23,21,22,11,5,1,5,4,7,0,5,4,2,2,5,4,2,2,1,0,2,2
JP1_581333309,2026-05-09 19:10:28,400,CLASSIC,MATCHED_GAME,16.9.772.8292,UTILITY,Nami,True,1,4,8,17,19,25,29,0.66,118,2.69,53,7,8,10925,7040,2632,43.87,13,21,9,4,1,4,5,4,0,2,4,3,2,1,6,1,0,1,0,0,3
JP1_581216478,2026-05-09 02:17:27,400,CLASSIC,MATCHED_GAME,16.9.772.8292,UTILITY,Nami,True,2,5,21,32,28,63,25,0.72,94,2.71,37,10,9,9883,12179,2078,34.63,28,18,11,6,2,3,6,5,0,3,2,6,3,4,4,0,1,1,0,4,2
JP1_581207839,2026-05-09 01:38:25,400,CLASSIC,MATCHED_GAME,16.9.772.8292,UTILITY,Morgana,True,1,5,25,45,27,80,40,1.17,105,3.06,38,13,6,10142,14900,2058,34.3,31,29,14,9,0,5,9,5,0,2,8,4,2,6,6,3,1,1,0,6,0
JP1_581197907,2026-05-09 00:58:58,400,CLASSIC,MATCHED_GAME,16.9.772.8292,UTILITY,Seraphine,True,4,5,17,36,26,41,31,0.91,99,2.89,39,6,2,11022,11957,2052,34.2,26,42,18,11,4,3,13,5,1,10,6,1,6,6,6,2,2,1,0,4,2
JP1_581193573,2026-05-09 00:37:55,400,CLASSIC,MATCHED_GAME,16.9.772.8292,UTILITY,Milio,False,1,2,0,1,9,1,12,0.89,16,1.19,9,0,1,3381,2354,806,13.43,3,7,3,1,0,2,1,2,0,3,0,0,3,0,0,0,0,0,0,0,0
JP1_581034202,2026-05-08 01:48:31,400,CLASSIC,MATCHED_GAME,16.9.772.8292,UTILITY,Milio,True,1,0,3,20,7,9,22,1.34,31,1.89,12,1,3,4374,2574,984,16.4,4,21,4,4,0,0,4,0,0,3,1,0,2,2,0,1,0,0,0,0,0
JP1_581027545,2026-05-08 01:02:52,400,CLASSIC,MATCHED_GAME,16.9.772.8292,UTILITY,Milio,False,1,3,4,11,22,19,47,1.45,77,2.38,35,5,6,8756,5177,1945,32.42,8,22,6,2,1,3,3,3,0,2,2,2,1,2,3,0,3,0,0,0,2
JP1_581018990,2026-05-08 00:23:29,400,CLASSIC,MATCHED_GAME,16.9.772.8292,UTILITY,Milio,True,1,4,10,20,23,26,51,1.48,87,2.52,35,3,6,9254,6956,2070,34.5,15,27,10,4,3,3,6,4,0,5,4,1,0,5,5,2,0,0,0,1,1
JP1_580864240,2026-05-07 01:30:56,420,CLASSIC,MATCHED_GAME,16.9.772.8292,UTILITY,Nami,False,0,9,11,27,41,33,39,1.05,87,2.34,43,3,11,8993,8500,2234,37.23,20,35,12,4,1,7,3,9,0,1,8,3,1,4,7,1,4,0,0,2,4
JP1_580855519,2026-05-07 00:42:16,400,CLASSIC,MATCHED_GAME,16.9.772.8292,UTILITY,Nami,False,3,8,22,45,43,77,31,0.71,114,2.61,48,5,7,11891,15236,2620,43.67,33,38,15,5,1,9,7,8,0,4,4,7,2,6,7,2,1,2,0,2,4
JP1_580843375,2026-05-06 23:44:04,400,CLASSIC,MATCHED_GAME,16.9.772.8292,UTILITY,Nami,True,1,5,24,46,21,79,34,1.01,84,2.49,38,4,5,9090,12437,2021,33.68,30,35,14,10,0,4,9,5,0,5,4,5,3,6,5,2,1,1,2,7,1
JP1_580766692,2026-05-06 18:13:52,400,CLASSIC,MATCHED_GAME,16.9.772.8292,UTILITY,Milio,False,1,3,6,10,26,14,36,1.17,80,2.61,32,4,7,7379,5284,1841,30.68,10,23,7,4,0,3,4,3,0,6,0,1,2,4,1,0,3,0,0,1,1
JP1_580765194,2026-05-06 18:05:08,400,CLASSIC,MATCHED_GAME,16.9.772.8292,UTILITY,Milio,True,0,0,0,2,0,3,1,0.78,0,0.0,1,0,1,543,0,77,1.28,0,2,0,0,0,0,0,0,0,0,0,0,0,0,0,0,0,0,0,0,0
JP1_580756373,2026-05-06 17:22:30,400,CLASSIC,MATCHED_GAME,16.9.772.8292,UTILITY,Milio,True,3,1,19,47,15,56,32,0.9,81,2.29,32,4,6,10776,9217,2124,35.4,23,34,12,11,1,0,11,1,1,3,5,3,3,5,4,4,0,2,0,5,0
JP1_580744748,2026-05-06 16:28:42,400,CLASSIC,MATCHED_GAME,16.9.772.8292,UTILITY,Nami,True,3,3,20,35,15,33,22,0.77,60,2.09,25,2,6,9658,10329,1722,28.7,26,34,16,14,1,1,13,3,0,12,3,1,6,7,3,3,2,1,0,3,1
JP1_580666865,2026-05-06 03:16:57,420,CLASSIC,MATCHED_GAME,16.9.772.8292,UTILITY,Nami,False,0,7,1,3,30,3,26,0.87,76,2.54,37,7,6,6362,4708,1793,29.88,8,19,8,0,0,8,1,7,0,3,2,3,1,4,3,0,2,0,1,0,4
JP1_580657909,2026-05-06 02:32:40,420,CLASSIC,MATCHED_GAME,16.9.772.8292,UTILITY,Nami,False,0,4,7,19,30,24,32,0.94,90,2.63,37,9,8,8427,5422,2052,34.2,11,28,9,3,1,5,5,4,0,1,6,2,1,1,7,0,1,0,2,1,2
JP1_580656938,2026-05-06 02:23:28,400,CLASSIC,MATCHED_GAME,16.9.772.8292,UTILITY,Janna,True,0,0,0,0,0,0,1,0.69,0,0.0,1,0,1,567,0,87,1.45,0,0,0,0,0,0,0,0,0,0,0,0,0,0,0,0,0,0,0,0,0
JP1_580651266,2026-05-06 01:48:28,400,CLASSIC,MATCHED_GAME,16.9.772.8292,UTILITY,Janna,True,0,1,3,21,11,9,29,1.36,43,2.01,18,3,6,5200,3481,1284,21.4,4,22,4,3,0,1,3,1,0,3,1,0,2,2,0,1,1,0,0,0,1
JP1_580639352,2026-05-06 00:52:33,400,CLASSIC,MATCHED_GAME,16.9.772.8292,MIDDLE,Galio,True,2,6,14,36,51,57,236,5.15,72,1.57,27,9,6,14181,22056,2752,45.87,22,45,14,8,1,5,8,6,0,6,3,5,0,6,8,2,2,0,0,2,4
JP1_580543013,2026-05-05 17:43:06,400,CLASSIC,MATCHED_GAME,16.9.772.8292,UTILITY,Nami,True,0,3,13,27,15,42,26,1.08,49,2.04,24,3,5,5864,5783,1441,24.02,16,21,8,4,3,1,5,3,0,2,2,4,3,5,0,2,2,0,0,1,1
JP1_580019330,2026-05-03 00:36:42,420,CLASSIC,MATCHED_GAME,16.9.772.1032,UTILITY,Nami,True,1,1,6,22,7,20,19,0.86,46,2.08,21,3,4,5799,3996,1327,22.12,8,21,5,4,0,1,4,1,0,3,2,0,2,3,0,0,0,0,0,1,0
JP1_580006635,2026-05-02 23:51:09,420,CLASSIC,MATCHED_GAME,16.9.772.1032,UTILITY,Nami,False,0,5,3,6,18,6,34,1.25,60,2.21,25,12,5,5952,4675,1628,27.13,8,10,6,0,1,5,1,5,0,1,4,1,3,2,1,0,0,0,0,0,2
JP1_579981367,2026-05-02 22:15:10,420,CLASSIC,MATCHED_GAME,16.9.772.1032,UTILITY,Nami,False,0,8,8,14,37,23,29,0.87,74,2.23,32,4,6,7588,4458,1991,33.18,16,29,12,3,1,8,4,8,0,2,7,3,2,5,5,0,4,0,1,1,3
JP1_579969592,2026-05-02 21:29:49,400,CLASSIC,MATCHED_GAME,16.9.772.1032,UTILITY,Seraphine,True,1,4,7,21,11,26,33,1.23,53,1.98,24,0,5,7255,4682,1610,26.83,12,26,6,3,0,3,2,4,0,4,1,1,2,3,1,0,0,1,0,1,0
JP1_579635375,2026-05-01 01:39:42,400,CLASSIC,MATCHED_GAME,16.9.771.8383,UTILITY,Nami,False,0,6,10,14,32,24,31,0.92,81,2.4,27,4,3,8269,8602,2023,33.72,16,20,8,3,0,5,3,5,0,1,4,3,1,4,3,1,2,2,1,0,1
JP1_579627931,2026-05-01 01:01:34,420,CLASSIC,MATCHED_GAME,16.9.771.8383,UTILITY,Nami,True,3,1,10,25,13,32,29,1.01,63,2.19,27,5,5,8723,6817,1725,28.75,14,21,8,6,1,1,7,1,0,2,4,2,3,3,2,4,0,1,0,2,0
JP1_579621170,2026-05-01 00:24:48,420,CLASSIC,MATCHED_GAME,16.9.771.8383,UTILITY,Nami,False,1,10,8,28,38,30,31,0.98,78,2.47,36,7,6,7819,7188,1893,31.55,19,32,13,4,1,8,3,10,0,4,4,5,4,7,2,1,2,1,2,1,2
JP1_579608034,2026-04-30 23:37:10,420,CLASSIC,MATCHED_GAME,16.9.771.8383,UTILITY,Nami,False,0,12,9,36,51,32,32,0.82,81,2.08,39,6,8,9358,8178,2337,38.95,21,39,18,3,4,11,6,12,0,8,7,3,4,6,8,0,4,0,4,2,4
JP1_579596244,2026-04-30 22:58:06,400,CLASSIC,MATCHED_GAME,16.9.771.8383,UTILITY,Nami,True,3,1,15,35,11,29,39,1.37,85,2.99,30,11,3,9091,9284,1704,28.4,19,29,12,10,1,1,11,1,1,5,4,2,3,6,3,3,0,2,0,3,0
JP1_579462254,2026-04-30 03:29:33,400,CLASSIC,MATCHED_GAME,16.9.769.5709,UTILITY,Nami,False,3,6,11,14,36,16,22,0.83,53,2.01,20,0,5,7330,9813,1586,26.43,20,27,12,7,1,4,7,5,0,6,3,3,4,7,1,0,2,0,1,0,4
JP1_579457423,2026-04-30 02:54:07,400,CLASSIC,MATCHED_GAME,16.9.769.5709,UTILITY,Nami,False,1,7,1,9,29,7,35,1.12,63,2.01,30,5,6,7756,5857,1879,31.32,9,16,6,0,0,6,0,6,0,1,2,3,0,3,3,1,1,0,1,0,3
JP1_579453884,2026-04-30 02:20:58,400,CLASSIC,MATCHED_GAME,16.9.769.5709,UTILITY,Nami,True,3,3,22,41,6,47,25,0.86,67,2.31,31,2,7,9342,9136,1743,29.05,28,28,15,14,0,1,12,3,0,8,5,2,5,8,2,4,1,2,0,5,0
JP1_579447985,2026-04-30 01:42:01,400,CLASSIC,MATCHED_GAME,16.9.769.5709,UTILITY,Nami,False,0,10,12,20,38,36,21,0.68,70,2.27,34,1,5,7334,9357,1849,30.82,22,24,11,4,1,6,1,10,0,2,3,6,3,5,3,1,2,0,1,1,3
JP1_579440772,2026-04-30 01:03:17,400,CLASSIC,MATCHED_GAME,16.9.769.5709,UTILITY,Renata,False,0,5,9,19,27,22,31,0.9,94,2.72,37,7,4,8350,6017,2072,34.53,14,23,7,2,1,4,2,5,1,1,2,3,0,3,4,1,2,0,0,0,3
JP1_579432372,2026-04-30 00:19:47,400,CLASSIC,MATCHED_GAME,16.9.769.5709,UTILITY,Nami,False,0,7,4,13,38,13,28,0.87,65,2.03,24,3,1,7310,8106,1921,32.02,11,24,9,1,1,7,2,7,1,1,1,6,1,5,3,0,0,0,1,0,5
JP1_579416870,2026-04-29 23:29:53,400,CLASSIC,MATCHED_GAME,16.9.769.5709,UTILITY,Nami,False,3,9,25,41,40,77,33,0.77,103,2.39,42,7,5,11915,13942,2585,43.08,37,41,22,11,3,8,13,9,0,8,8,6,8,5,9,1,2,1,1,2,4
JP1_579407735,2026-04-29 22:59:49,400,CLASSIC,MATCHED_GAME,16.9.769.5709,UTILITY,Nami,True,1,2,7,20,8,28,31,1.26,58,2.35,25,4,4,6482,7112,1482,24.7,10,19,6,4,0,2,4,2,0,4,1,1,2,4,0,3,0,0,0,3,1
JP1_579400791,2026-04-29 22:38:22,400,CLASSIC,MATCHED_GAME,16.9.769.5709,UTILITY,Nami,True,1,0,13,15,1,23,15,0.86,28,1.6,16,3,1,5089,5218,1052,17.53,14,9,7,7,0,0,7,0,0,4,3,0,5,2,0,1,2,0,0,1,0
JP1_579395267,2026-04-29 22:17:44,400,CLASSIC,MATCHED_GAME,16.9.769.5709,UTILITY,Nami,True,0,3,8,12,5,12,12,0.75,25,1.57,14,0,1,4258,4428,956,15.93,11,11,7,5,1,1,4,3,0,5,2,0,5,2,0,1,1,0,0,0,0
JP1_579226714,2026-04-29 03:28:56,400,CLASSIC,MATCHED_GAME,16.8.766.8562,UTILITY,Nami,True,1,7,13,33,27,49,32,0.81,96,2.44,47,3,10,9630,10059,2361,39.35,21,35,15,9,2,4,8,7,0,4,7,4,3,5,7,0,1,0,2,2,1
JP1_579223662,2026-04-29 02:58:50,400,CLASSIC,MATCHED_GAME,16.8.766.8562,UTILITY,Nami,True,0,2,9,14,8,23,36,1.37,65,2.48,25,7,6,6502,4821,1572,26.2,11,14,6,5,0,1,4,2,0,1,5,0,1,3,2,0,0,0,1,0,1
JP1_579219440,2026-04-29 02:29:43,400,CLASSIC,MATCHED_GAME,16.8.766.8562,UTILITY,Nami,True,0,4,9,25,17,28,28,1.11,43,1.7,22,6,6,6646,5329,1519,25.32,13,25,7,3,1,3,3,4,0,4,2,1,3,4,0,1,0,0,0,2,1
JP1_579211581,2026-04-29 01:38:43,400,CLASSIC,MATCHED_GAME,16.8.766.8562,UTILITY,Nami,True,0,5,17,29,23,40,39,0.9,107,2.46,42,7,6,11733,7201,2614,43.57,22,30,15,10,0,5,10,5,0,7,7,1,4,3,8,4,1,1,1,5,1
JP1_579201885,2026-04-29 00:58:54,400,CLASSIC,MATCHED_GAME,16.8.766.8562,UTILITY,Nami,False,2,7,7,13,31,19,24,0.7,71,2.07,32,7,7,8833,10356,2059,34.32,16,20,11,3,1,7,4,7,0,2,6,3,2,4,5,2,1,0,3,1,3
JP1_579194910,2026-04-29 00:31:32,400,CLASSIC,MATCHED_GAME,16.8.766.8562,UTILITY,Nami,True,0,1,10,24,5,26,26,1.12,44,1.89,20,3,3,6325,5845,1395,23.25,11,19,8,7,0,1,7,1,0,4,4,0,3,5,0,3,0,0,0,1,1
JP1_579189371,2026-04-29 00:04:20,400,CLASSIC,MATCHED_GAME,16.8.766.8562,UTILITY,Nami,True,4,0,10,24,5,24,28,1.22,51,2.23,21,4,3,7349,6457,1375,22.92,14,20,11,11,0,0,11,0,0,6,5,0,4,7,0,3,0,0,0,2,0
JP1_579180923,2026-04-28 23:37:27,400,CLASSIC,MATCHED_GAME,16.8.766.8562,UTILITY,Nami,True,3,0,5,23,6,30,19,0.89,38,1.77,17,0,4,6201,5169,1288,21.47,8,20,6,6,0,0,6,0,0,2,3,1,4,2,0,0,2,0,0,2,0
JP1_579172983,2026-04-28 23:09:10,400,CLASSIC,MATCHED_GAME,16.8.766.8562,UTILITY,Milio,False,0,2,10,11,22,17,26,1.1,45,1.91,21,1,6,6116,3858,1412,23.53,12,22,10,6,2,2,8,2,0,5,4,1,3,7,0,0,0,0,1,1,3
JP1_579027880,2026-04-27 23:59:25,400,CLASSIC,MATCHED_GAME,16.8.766.8562,UTILITY,Seraphine,True,2,4,10,38,18,28,66,2.17,54,1.78,27,1,5,10147,11249,1821,30.35,16,31,11,7,1,3,7,4,0,6,3,2,4,6,1,2,1,3,0,4,0
JP1_579028071,2026-04-27 23:49:35,400,CLASSIC,MATCHED_GAME,16.8.766.8562,UTILITY,Nami,False,0,0,0,1,0,0,2,0.82,0,0.0,1,0,1,760,158,146,2.43,0,1,0,0,0,0,0,0,0,0,0,0,0,0,0,0,0,0,0,0,0
JP1_579013195,2026-04-27 22:55:34,400,CLASSIC,MATCHED_GAME,16.8.766.8562,UTILITY,Seraphine,True,0,7,10,22,18,32,60,1.54,82,2.1,39,6,3,9479,11302,2341,39.02,17,25,9,3,0,6,2,7,1,5,0,3,2,2,5,0,1,1,0,2,3
JP1_578997522,2026-04-27 22:04:13,400,CLASSIC,MATCHED_GAME,16.8.766.8562,UTILITY,Nami,True,0,2,25,31,13,52,35,1.03,84,2.46,39,4,8,10275,10782,2048,34.13,27,23,13,12,0,1,11,2,0,7,4,2,4,4,5,3,0,1,0,6,1
JP1_578476145,2026-04-25 02:49:02,400,CLASSIC,MATCHED_GAME,16.8.766.8562,UTILITY,Nami,False,1,9,17,33,46,44,29,0.72,62,1.54,28,6,2,11077,13494,2420,40.33,27,38,18,9,0,9,9,9,0,8,5,5,4,5,9,1,6,0,1,2,2
JP1_578468053,2026-04-25 02:03:56,400,CLASSIC,MATCHED_GAME,16.8.766.8562,UTILITY,Nami,True,1,11,34,59,47,103,40,0.97,94,2.28,38,3,7,11309,15790,2470,41.17,46,43,20,9,2,9,9,11,0,5,5,10,2,7,11,3,3,2,2,3,2
JP1_578464123,2026-04-25 01:37:00,400,CLASSIC,MATCHED_GAME,16.8.766.8562,UTILITY,Nami,True,0,1,11,25,13,18,20,0.87,62,2.7,21,4,3,6363,5515,1378,22.97,12,28,8,6,1,1,7,1,0,5,2,1,4,4,0,2,0,1,0,2,0
JP1_578288222,2026-04-24 00:33:59,400,CLASSIC,MATCHED_GAME,16.8.766.8562,UTILITY,Nami,True,3,8,25,46,17,61,39,1.12,84,2.4,33,6,7,10926,11144,2096,34.93,36,31,20,16,0,4,12,8,1,11,5,3,6,7,7,3,0,1,1,4,2
JP1_578287219,2026-04-24 00:22:46,400,CLASSIC,MATCHED_GAME,16.8.766.8562,UTILITY,Seraphine,False,0,0,0,0,0,0,0,0.0,1,0.65,1,0,1,565,110,92,1.53,0,0,0,0,0,0,0,0,0,0,0,0,0,0,0,0,0,0,0,0,0
JP1_578282787,2026-04-24 00:12:54,400,CLASSIC,MATCHED_GAME,16.8.766.8562,BOTTOM,Ashe,False,0,1,0,0,2,0,5,2.07,1,0.41,1,0,0,758,542,145,2.42,1,1,1,0,0,1,0,1,0,1,0,0,1,0,0,0,0,0,0,0,0
JP1_578259022,2026-04-23 22:36:03,400,CLASSIC,MATCHED_GAME,16.8.766.8562,UTILITY,Nami,True,3,4,21,37,23,65,46,1.34,77,2.24,36,2,5,10979,15395,2062,34.37,28,29,15,11,2,2,11,4,0,8,1,6,4,5,6,1,0,2,2,5,1
JP1_576467771,2026-04-14 00:58:57,400,CLASSIC,MATCHED_GAME,16.7.760.9485,UTILITY,Nami,True,0,0,0,0,0,0,4,1.9,0,0.0,2,0,1,720,376,126,2.1,0,0,0,0,0,0,0,0,0,0,0,0,0,0,0,0,0,0,0,0,0
JP1_576458828,2026-04-14 00:09:08,400,CLASSIC,MATCHED_GAME,16.7.760.9485,UTILITY,Renata,False,2,5,19,35,38,66,60,1.34,95,2.12,43,5,5,12643,12358,2684,44.73,26,30,14,8,2,4,9,5,0,3,5,6,2,3,9,2,3,1,1,1,2
JP1_576327611,2026-04-13 01:48:02,400,CLASSIC,MATCHED_GAME,16.7.760.9485,UTILITY,Janna,False,1,4,3,10,36,9,32,1.23,56,2.15,22,2,6,6588,3345,1562,26.03,8,28,6,2,1,3,3,3,1,1,2,2,2,3,1,1,2,0,1,0,1
JP1_576325295,2026-04-13 01:17:58,400,CLASSIC,MATCHED_GAME,16.7.760.9485,MIDDLE,Xerath,False,1,6,0,10,27,8,109,4.57,9,0.38,6,0,1,5960,7926,1432,23.87,7,19,5,0,0,5,0,5,3,1,0,1,1,4,0,0,1,0,1,0,3
JP1_576319447,2026-04-13 00:41:20,400,CLASSIC,MATCHED_GAME,16.7.760.9485,MIDDLE,Galio,False,2,5,1,8,28,13,174,6.11,33,1.16,12,0,2,8791,23221,1710,28.5,8,11,5,0,0,5,1,4,0,1,0,4,1,2,2,0,1,0,1,1,3
JP1_575707395,2026-04-09 23:18:06,400,CLASSIC,MATCHED_GAME,16.7.760.9485,UTILITY,Nami,False,3,5,25,36,40,50,26,0.74,79,2.26,34,5,5,11002,15270,2098,34.97,33,28,17,9,1,7,12,5,1,4,6,6,6,5,6,0,3,0,1,1,6
JP1_575702176,2026-04-09 22:52:44,400,CLASSIC,MATCHED_GAME,16.7.760.9485,UTILITY,Nami,False,0,1,0,3,19,0,36,1.93,26,1.4,11,0,3,4416,4059,1118,18.63,1,22,1,0,0,1,0,1,1,0,0,0,0,1,0,0,0,0,0,0,0
JP1_575694619,2026-04-09 22:27:45,400,CLASSIC,MATCHED_GAME,16.7.760.9485,UTILITY,Nami,True,1,2,9,24,10,18,26,1.27,37,1.8,16,1,3,5527,6734,1233,20.55,12,27,11,8,1,2,9,2,0,9,2,0,7,4,0,2,0,1,0,2,0
JP1_575415436,2026-04-08 01:10:31,400,CLASSIC,MATCHED_GAME,16.7.760.9485,UTILITY,Nami,True,2,5,24,51,35,56,39,1.17,72,2.15,28,1,3,10452,11217,2008,33.47,31,41,15,12,2,1,11,4,0,9,2,4,5,6,4,2,3,1,0,3,0
JP1_575408426,2026-04-08 00:29:19,400,CLASSIC,MATCHED_GAME,16.7.760.9485,UTILITY,Nami,True,3,4,12,29,22,43,40,1.12,69,1.93,28,5,5,10215,12596,2148,35.8,19,26,11,5,3,3,7,4,0,4,3,4,2,2,7,2,1,0,1,2,2
JP1_574646365,2026-04-04 04:36:31,400,CLASSIC,MATCHED_GAME,16.7.760.9485,MIDDLE,Galio,False,5,6,2,29,39,44,259,6.81,36,0.95,11,4,6,13743,15586,2283,38.05,13,33,9,4,0,5,3,6,0,4,0,5,2,3,4,1,2,0,0,2,2
JP1_574643792,2026-04-04 04:16:32,400,CLASSIC,MATCHED_GAME,16.7.760.9485,MIDDLE,Xerath,False,0,6,0,4,21,4,59,3.76,22,1.4,7,0,2,3308,1398,941,15.68,6,18,6,0,0,6,0,6,5,0,1,0,5,1,0,0,1,0,0,0,2
JP1_573284837,2026-03-28 04:24:43,400,CLASSIC,MATCHED_GAME,16.6.756.9613,UTILITY,Nami,False,0,9,1,5,35,4,25,0.65,77,1.99,36,2,5,7920,7235,2317,38.62,10,19,9,0,0,9,0,9,0,2,4,3,0,5,4,1,1,0,0,0,4
JP1_573281218,2026-03-28 03:38:31,400,CLASSIC,MATCHED_GAME,16.6.756.9613,UTILITY,Seraphine,True,4,6,11,28,18,45,39,1.13,87,2.52,36,4,5,9998,11154,2074,34.57,21,20,11,8,0,3,5,6,1,1,5,4,4,4,3,0,0,1,0,4,2
JP1_573278329,2026-03-28 03:17:50,400,CLASSIC,MATCHED_GAME,16.6.756.9613,UTILITY,Nami,True,0,2,0,13,4,2,22,1.32,33,1.99,13,2,2,3565,1695,997,16.62,2,15,2,0,0,2,0,2,0,2,0,0,1,1,0,0,1,0,0,1,0
JP1_573273484,2026-03-28 02:43:19,400,CLASSIC,MATCHED_GAME,16.6.756.9613,UTILITY,Nami,False,2,6,7,15,24,20,22,0.73,72,2.38,28,6,5,8205,8116,1813,30.22,15,21,12,4,2,6,6,6,1,5,5,1,2,5,5,1,3,0,1,0,1
JP1_573268221,2026-03-28 02:15:18,400,CLASSIC,MATCHED_GAME,16.6.756.9613,UTILITY,Leona,False,0,7,3,11,30,9,27,1.19,42,1.84,19,2,1,4800,4841,1366,22.77,10,23,7,0,0,7,0,7,0,4,1,2,2,5,0,2,0,0,0,0,1
JP1_572855462,2026-03-25 23:18:12,400,CLASSIC,MATCHED_GAME,16.6.756.931,UTILITY,Nami,True,2,4,9,29,11,30,26,0.93,59,2.12,27,10,6,8391,6658,1671,27.85,15,27,11,8,0,3,7,4,0,4,7,0,7,3,1,1,1,1,0,3,1
JP1_572674957,2026-03-25 00:01:49,400,CLASSIC,MATCHED_GAME,16.6.756.931,MIDDLE,Galio,True,1,2,4,27,6,28,216,7.16,27,0.89,12,2,4,10554,15504,1811,30.18,7,25,7,5,0,2,5,2,1,3,2,1,1,2,4,4,0,0,0,3,0
JP1_572665729,2026-03-24 23:25:16,400,CLASSIC,MATCHED_GAME,16.6.756.931,MIDDLE,Galio,False,1,8,4,12,29,16,197,6.21,34,1.07,12,2,5,9471,19007,1903,31.72,13,21,11,2,4,5,3,8,2,3,3,3,3,4,4,1,3,0,2,0,5
JP1_572659558,2026-03-24 23:02:52,400,CLASSIC,MATCHED_GAME,16.6.756.931,MIDDLE,Galio,True,1,1,0,9,5,6,101,6.55,19,1.23,7,0,4,4398,6081,925,15.42,2,12,2,1,0,1,1,1,1,1,0,0,1,1,0,0,0,0,0,0,0
JP1_572648821,2026-03-24 22:26:26,400,CLASSIC,MATCHED_GAME,16.6.756.931,MIDDLE,Velkoz,False,4,9,1,15,35,10,149,4.84,37,1.2,13,1,6,9166,18985,1848,30.8,14,34,13,4,1,8,4,9,6,3,2,2,6,5,2,0,4,0,0,0,5
JP1_572504153,2026-03-24 00:56:18,400,CLASSIC,MATCHED_GAME,16.6.756.931,UTILITY,Nami,False,1,11,16,39,48,50,53,0.94,130,2.29,60,6,4,13895,15338,3401,56.68,28,45,16,5,2,9,5,11,1,5,4,6,1,4,11,2,2,0,2,1,3
JP1_572497339,2026-03-24 00:29:29,400,CLASSIC,MATCHED_GAME,16.6.756.931,UTILITY,Nami,True,4,3,3,21,8,20,26,1.17,51,2.29,21,3,5,5998,5434,1338,22.3,10,21,7,4,0,3,4,3,0,4,2,1,2,5,0,0,0,0,0,1,0
JP1_572305502,2026-03-22 23:51:11,400,CLASSIC,MATCHED_GAME,16.6.756.931,UTILITY,Renata,False,1,7,2,12,32,11,39,1.36,68,2.37,24,7,6,6992,5214,1719,28.65,10,21,6,0,0,6,0,6,0,1,3,2,1,4,1,1,1,0,2,0,3
JP1_572099879,2026-03-22 01:04:36,400,CLASSIC,MATCHED_GAME,16.6.756.931,UTILITY,Renata,True,2,4,15,34,14,36,33,1.36,39,1.61,18,3,5,7294,4520,1453,24.22,21,25,9,8,1,0,5,4,0,3,5,1,4,5,0,0,2,1,0,3,0
JP1_571908469,2026-03-21 02:55:49,400,CLASSIC,MATCHED_GAME,16.6.755.2788,UTILITY,Nami,True,0,1,11,28,9,31,44,1.41,67,2.15,25,5,5,8026,8872,1869,31.15,12,24,6,4,1,1,5,1,0,0,6,0,1,2,3,0,1,1,1,3,0
JP1_571276922,2026-03-18 00:07:07,400,CLASSIC,MATCHED_GAME,16.5.752.7101,UTILITY,Nami,False,3,6,16,40,35,53,35,0.69,107,2.12,47,3,6,13519,19677,3022,50.37,25,35,13,6,2,5,7,6,0,2,5,6,1,2,10,3,2,0,0,3,3
JP1_571266562,2026-03-17 23:24:05,400,CLASSIC,MATCHED_GAME,16.5.752.7101,MIDDLE,Ahri,True,2,4,4,20,14,36,157,5.52,27,0.95,12,2,6,8195,8803,1705,28.42,10,22,7,3,0,4,3,4,2,2,1,2,0,5,2,1,1,0,0,1,0
JP1_571124937,2026-03-17 02:00:50,400,CLASSIC,MATCHED_GAME,16.5.752.7101,UTILITY,Braum,False,1,7,3,29,25,10,20,0.61,79,2.42,34,3,5,7437,4624,1959,32.65,11,36,10,3,0,7,3,7,0,6,2,2,4,3,3,3,0,1,0,1,0
JP1_571123224,2026-03-17 01:33:08,400,CLASSIC,MATCHED_GAME,16.5.752.7101,UTILITY,Nami,True,1,1,6,13,9,14,28,1.3,37,1.71,16,1,3,6107,6974,1296,21.6,8,17,8,6,0,2,7,1,1,4,3,0,2,6,0,0,0,0,1,3,1
JP1_571095396,2026-03-16 23:28:09,400,CLASSIC,MATCHED_GAME,16.5.752.7101,UTILITY,Seraphine,False,4,1,0,4,16,6,39,2.15,27,1.49,10,1,3,5272,5264,1090,18.17,5,17,5,3,1,1,4,1,1,3,1,0,3,2,0,0,1,0,0,0,1
JP1_570949791,2026-03-16 01:32:22,400,CLASSIC,MATCHED_GAME,16.5.752.7101,MIDDLE,Xerath,False,4,8,8,34,32,59,157,4.78,43,1.31,14,2,2,9551,23133,1970,32.83,20,27,12,5,2,5,4,8,3,2,2,5,3,5,4,0,1,1,2,0,4
JP1_570516971,2026-03-14 01:43:49,400,CLASSIC,MATCHED_GAME,16.5.752.7101,UTILITY,Nami,True,0,11,23,34,63,46,41,0.96,85,1.99,32,9,5,12876,15624,2560,42.67,34,52,20,7,2,11,9,11,0,11,4,5,3,6,11,1,1,0,2,1,5
JP1_570511965,2026-03-14 01:19:35,400,CLASSIC,MATCHED_GAME,16.5.752.7101,MIDDLE,Xerath,False,2,3,0,10,15,11,102,5.34,25,1.31,10,0,6,5340,7762,1147,19.12,5,15,4,1,0,3,1,3,0,2,1,1,2,2,0,1,1,1,0,1,1
JP1_570319449,2026-03-12 23:45:27,400,CLASSIC,MATCHED_GAME,16.5.752.7101,UTILITY,Leona,False,1,10,7,19,39,24,40,1.21,83,2.51,38,4,6,8479,9056,1988,33.13,18,32,12,2,1,9,2,10,0,7,1,4,4,6,2,0,0,0,1,0,4
JP1_570307638,2026-03-12 23:02:09,400,CLASSIC,MATCHED_GAME,16.5.752.7101,UTILITY,Nami,False,2,4,6,12,27,14,36,1.23,46,1.57,24,2,3,7981,7633,1762,29.37,12,29,10,5,1,4,6,4,1,5,3,1,4,4,2,0,1,1,0,3,2
JP1_570301929,2026-03-12 22:42:59,400,CLASSIC,MATCHED_GAME,16.5.752.7101,UTILITY,Nami,False,1,3,2,6,15,5,25,1.63,18,1.18,9,2,5,3786,3648,918,15.3,6,16,5,2,1,2,2,3,0,5,0,0,4,1,0,0,1,0,0,0,1
JP1_570170572,2026-03-12 01:39:10,400,CLASSIC,MATCHED_GAME,16.5.751.9084,UTILITY,Seraphine,False,0,6,4,7,23,16,45,1.31,57,1.66,28,1,7,7944,7462,2064,34.4,10,18,8,2,0,6,2,6,0,3,3,2,1,4,3,0,1,1,0,2,1
JP1_570161289,2026-03-12 00:43:21,400,CLASSIC,MATCHED_GAME,16.5.751.9084,MIDDLE,Galio,True,2,4,7,29,29,40,249,5.49,62,1.37,29,4,10,13177,14762,2721,45.35,13,26,9,4,1,4,5,4,1,2,1,5,2,2,5,1,1,2,0,3,1
JP1_570153213,2026-03-12 00:04:25,400,CLASSIC,MATCHED_GAME,16.5.751.9084,MIDDLE,Ahri,False,1,9,1,18,24,19,181,5.8,44,1.41,15,2,5,8718,8376,1874,31.23,11,28,11,0,3,8,2,9,5,2,3,1,3,5,3,0,4,0,0,0,1
JP1_570132990,2026-03-11 22:54:02,400,CLASSIC,MATCHED_GAME,16.5.751.9084,UTILITY,Janna,True,2,5,22,33,24,59,37,1.15,73,2.27,29,8,6,9499,6007,1927,32.12,29,21,12,9,1,2,7,5,0,4,4,4,4,5,3,2,1,0,1,3,2
JP1_569422334,2026-03-08 02:01:53,400,CLASSIC,MATCHED_GAME,16.5.751.1533,MIDDLE,Xerath,True,9,4,14,37,25,61,177,4.81,51,1.39,18,2,5,13394,34674,2206,36.77,27,31,17,12,2,3,13,4,3,6,1,7,5,4,8,2,1,0,0,3,0
JP1_568318493,2026-03-02 02:18:59,400,CLASSIC,MATCHED_GAME,16.4.748.682,UTILITY,Zyra,False,0,3,0,3,18,2,28,1.78,23,1.46,12,1,2,3649,3713,945,15.75,3,13,3,0,0,3,0,3,0,1,2,0,2,1,0,0,0,0,0,0,2
JP1_567132238,2026-02-24 01:40:38,420,CLASSIC,MATCHED_GAME,16.4.748.682,UTILITY,Morgana,False,2,9,11,31,45,42,57,1.58,79,2.19,31,10,6,10113,18579,2168,36.13,22,27,14,6,1,7,5,9,0,6,3,5,3,5,6,0,4,0,1,0,7
JP1_567113669,2026-02-24 00:10:31,400,CLASSIC,MATCHED_GAME,16.4.748.682,UTILITY,Nami,True,1,5,18,35,25,40,31,1.03,72,2.38,31,1,3,9346,6199,1812,30.2,24,30,12,7,1,4,7,5,1,5,1,5,6,5,1,3,0,1,0,2,0
JP1_567105103,2026-02-23 23:33:47,400,CLASSIC,MATCHED_GAME,16.4.748.682,UTILITY,Morgana,False,2,8,2,8,28,6,40,1.22,79,2.41,26,7,5,8300,17901,1966,32.77,12,19,10,2,1,7,2,8,1,2,7,0,1,5,4,1,2,0,0,1,3
JP1_567087882,2026-02-23 22:40:54,400,CLASSIC,MATCHED_GAME,16.4.748.682,UTILITY,Morgana,False,6,13,13,33,43,47,108,2.31,107,2.28,43,5,4,15482,34876,2811,46.85,32,41,22,10,2,10,9,13,0,9,8,5,4,7,11,3,2,1,2,3,6
JP1_567076263,2026-02-23 21:58:56,400,CLASSIC,MATCHED_GAME,16.4.748.682,TOP,Malphite,False,1,8,2,23,32,20,144,4.12,42,1.2,17,2,4,9156,11837,2096,34.93,11,29,9,1,2,6,1,8,4,2,2,1,3,2,4,1,3,0,1,0,2
JP1_567036820,2026-02-23 19:21:48,400,CLASSIC,MATCHED_GAME,16.4.748.682,UTILITY,Janna,False,0,3,2,12,22,8,41,1.19,58,1.69,24,8,5,7491,2737,2059,34.32,5,17,4,1,1,2,1,3,0,2,1,1,2,1,1,0,0,1,0,0,1
JP1_567011863,2026-02-23 17:17:13,420,CLASSIC,MATCHED_GAME,16.4.748.682,UTILITY,Janna,True,0,2,10,23,7,27,45,1.66,63,2.32,28,5,4,7955,3152,1628,27.13,12,17,8,5,2,1,6,2,0,2,5,1,2,5,1,4,0,2,0,2,1
JP1_566926199,2026-02-23 04:22:01,400,CLASSIC,MATCHED_GAME,16.4.748.682,MIDDLE,Galio,False,0,1,2,4,24,7,178,6.49,23,0.84,13,1,2,7396,7089,1646,27.43,3,18,2,1,0,1,1,1,0,0,1,1,1,0,1,0,1,0,0,1,0
JP1_566920086,2026-02-23 03:23:51,400,CLASSIC,MATCHED_GAME,16.4.748.682,MIDDLE,Galio,False,8,7,27,57,50,125,249,5.05,53,1.08,26,3,9,17272,39553,2956,49.27,42,38,17,9,2,6,10,7,0,3,2,12,0,4,13,1,2,1,0,1,3
JP1_566915730,2026-02-23 02:58:18,400,CLASSIC,MATCHED_GAME,16.4.748.682,MIDDLE,Lissandra,False,0,2,0,2,19,0,98,5.6,16,0.91,8,0,4,4292,4829,1050,17.5,2,16,2,0,0,2,0,2,1,0,1,0,0,2,0,0,1,0,1,0,1
JP1_566911312,2026-02-23 02:29:21,400,CLASSIC,MATCHED_GAME,16.4.748.682,MIDDLE,Lissandra,False,1,6,1,12,39,19,126,4.98,16,0.63,8,0,4,6316,12325,1519,25.32,8,20,7,1,0,6,1,6,0,3,2,2,1,6,0,0,1,0,1,1,4
JP1_566905385,2026-02-23 01:59:09,400,CLASSIC,MATCHED_GAME,16.4.748.682,MIDDLE,Lissandra,True,1,6,3,27,21,18,92,3.99,23,1.0,11,1,3,6176,9918,1385,23.08,10,27,8,3,0,5,2,6,2,1,4,1,3,5,0,0,1,1,0,3,1
JP1_566899555,2026-02-23 01:32:08,400,CLASSIC,MATCHED_GAME,16.4.748.682,UTILITY,Braum,False,2,7,1,8,27,6,38,1.71,39,1.75,17,3,4,5650,3811,1335,22.25,10,18,9,1,1,7,2,7,0,4,4,1,4,5,0,1,2,0,1,1,2
JP1_566455920,2026-02-21 03:34:36,400,CLASSIC,MATCHED_GAME,16.4.746.5697,MIDDLE,Ahri,False,0,4,0,11,27,12,157,5.7,20,0.73,8,1,3,6869,5915,1653,27.55,4,18,4,0,0,4,0,4,0,2,1,1,0,2,2,0,1,0,0,0,3
JP1_566451333,2026-02-21 02:57:13,400,CLASSIC,MATCHED_GAME,16.4.746.5697,MIDDLE,Ahri,True,5,2,5,48,14,40,158,5.47,40,1.39,14,1,4,10598,10738,1732,28.87,12,36,12,10,1,1,10,2,4,3,3,2,4,6,2,1,0,2,0,3,0
JP1_566443929,2026-02-21 02:19:01,400,CLASSIC,MATCHED_GAME,16.4.746.5697,MIDDLE,Lissandra,False,1,9,7,13,31,24,122,3.77,28,0.87,13,0,3,8791,15308,1940,32.33,17,25,12,4,3,5,3,9,2,5,1,4,2,5,5,0,3,0,1,2,4
JP1_566437391,2026-02-21 01:41:10,400,CLASSIC,MATCHED_GAME,16.4.746.5697,MIDDLE,Galio,False,2,7,3,13,26,18,143,4.88,20,0.68,9,2,3,8112,12144,1757,29.28,12,22,10,2,1,7,3,7,1,3,4,2,2,5,3,0,3,0,1,1,3
JP1_566426768,2026-02-21 00:57:47,400,CLASSIC,MATCHED_GAME,16.4.746.5697,MIDDLE,Galio,True,3,7,14,37,24,64,198,4.98,65,1.63,16,11,2,12189,22623,2386,39.77,24,27,12,6,1,5,5,7,0,4,1,7,3,3,6,3,1,4,0,2,1
JP1_566422294,2026-02-21 00:39:52,400,CLASSIC,MATCHED_GAME,16.4.746.5697,MIDDLE,Galio,True,0,1,2,6,4,9,73,5.29,4,0.29,4,0,2,3550,2816,828,13.8,3,9,2,1,1,0,1,1,0,1,1,0,2,0,0,0,1,0,0,2,0
JP1_566240791,2026-02-20 01:21:13,420,CLASSIC,MATCHED_GAME,16.4.746.5697,UTILITY,Braum,False,3,4,8,29,21,42,36,1.17,52,1.69,25,3,5,7927,3986,1848,30.8,15,26,10,7,1,2,6,4,0,3,2,5,2,5,3,2,1,1,0,1,1
JP1_566231483,2026-02-20 00:33:10,420,CLASSIC,MATCHED_GAME,16.4.746.5697,UTILITY,Janna,False,2,11,3,14,34,11,31,0.82,79,2.09,32,5,6,9075,4165,2264,37.73,16,25,12,1,0,11,1,11,0,5,5,2,3,4,5,1,1,1,1,0,5
JP1_565857122,2026-02-18 00:37:38,420,CLASSIC,MATCHED_GAME,16.3.745.7600,UTILITY,Leona,False,2,10,5,15,37,16,25,0.98,54,2.11,20,8,3,7573,8146,1532,25.53,17,21,13,2,2,9,3,10,0,5,5,3,7,5,1,1,2,0,3,0,0
JP1_565846622,2026-02-17 23:58:39,420,CLASSIC,MATCHED_GAME,16.3.745.7600,UTILITY,Braum,False,1,13,15,28,45,44,31,0.93,63,1.88,27,3,3,8728,8400,2009,33.48,29,22,14,3,1,10,2,12,0,3,4,7,5,4,5,1,3,1,2,3,1
JP1_565500563,2026-02-16 02:24:16,400,CLASSIC,MATCHED_GAME,16.3.745.7600,MIDDLE,Galio,False,1,8,9,21,46,23,204,5.4,39,1.03,11,2,3,10407,16785,2266,37.77,18,29,13,4,1,8,5,8,1,3,6,3,4,3,6,0,3,1,3,1,1
JP1_565494732,2026-02-16 01:47:19,400,CLASSIC,MATCHED_GAME,16.3.745.7600,MIDDLE,Galio,True,3,0,10,28,16,31,168,5.85,37,1.29,13,1,3,10727,16411,1724,28.73,13,30,9,8,1,0,9,0,1,3,5,0,2,5,2,3,0,1,0,2,0
JP1_565486188,2026-02-16 00:56:43,400,CLASSIC,MATCHED_GAME,16.3.745.7600,MIDDLE,Galio,False,3,7,12,33,40,63,203,4.57,47,1.06,16,0,6,12430,24923,2664,44.4,22,29,12,4,0,8,5,7,1,2,2,7,2,3,7,0,3,1,1,1,7
JP1_565478949,2026-02-16 00:26:20,400,CLASSIC,MATCHED_GAME,16.3.745.7600,MIDDLE,Galio,False,2,4,2,13,26,17,168,6.48,30,1.16,13,3,4,8262,14009,1556,25.93,8,21,6,1,2,3,2,4,0,4,1,1,3,2,1,0,1,0,0,1,0
JP1_565469793,2026-02-15 23:48:44,400,CLASSIC,MATCHED_GAME,16.3.745.7600,MIDDLE,Galio,True,2,3,10,40,15,51,177,5.26,42,1.25,16,2,3,9552,9023,2018,33.63,15,31,11,8,0,3,8,3,2,2,5,2,3,3,5,0,0,2,0,4,0
JP1_565278528,2026-02-15 04:17:17,400,CLASSIC,MATCHED_GAME,16.3.745.7600,MIDDLE,Galio,False,0,5,5,13,29,15,200,6.81,28,0.95,11,1,2,8648,10262,1763,29.38,10,23,9,3,1,5,4,5,0,3,5,1,2,3,4,0,4,0,1,1,1
JP1_565274830,2026-02-15 03:53:01,400,CLASSIC,MATCHED_GAME,16.3.745.7600,UTILITY,Janna,False,0,5,2,8,27,5,33,1.62,41,2.02,16,2,4,4758,1471,1219,20.32,7,22,6,1,0,5,1,5,0,1,4,1,3,3,0,0,0,0,1,0,1
JP1_565268387,2026-02-15 02:59:46,400,CLASSIC,MATCHED_GAME,16.3.745.7600,MIDDLE,Galio,False,5,8,20,38,44,72,165,3.64,55,1.21,18,2,2,12504,22863,2717,45.28,33,37,21,10,3,8,13,8,1,5,7,8,4,5,12,2,2,0,0,6,5
JP1_565262355,2026-02-15 02:26:42,400,CLASSIC,MATCHED_GAME,16.3.745.7600,MIDDLE,Galio,True,5,6,14,29,23,53,121,4.33,25,0.9,12,2,2,9896,13943,1675,27.92,25,26,15,7,3,5,9,6,2,5,6,2,7,7,1,1,1,0,0,5,0
JP1_565255810,2026-02-15 02:00:09,400,CLASSIC,MATCHED_GAME,16.3.745.7600,MIDDLE,Galio,True,6,1,8,21,3,26,95,4.39,23,1.06,10,0,2,7173,9658,1299,21.65,15,16,10,10,0,0,9,1,0,6,4,0,4,6,0,1,2,0,0,3,0
JP1_565251699,2026-02-15 01:39:16,400,CLASSIC,MATCHED_GAME,16.3.745.7600,MIDDLE,Galio,True,1,0,3,14,0,15,82,5.31,18,1.17,8,1,2,4439,5121,926,15.43,4,11,3,3,0,0,3,0,0,1,2,0,2,1,0,0,1,0,0,1,0
JP1_565241192,2026-02-15 00:56:51,400,CLASSIC,MATCHED_GAME,16.3.745.7600,MIDDLE,Galio,True,4,8,25,43,30,101,154,4.22,44,1.21,16,0,2,11342,23687,2188,36.47,37,24,15,9,3,3,7,8,1,0,6,8,2,6,7,2,1,2,1,5,1
JP1_565220687,2026-02-14 23:52:26,420,CLASSIC,MATCHED_GAME,16.3.745.7600,UTILITY,Braum,True,1,4,16,31,14,52,31,0.73,96,2.27,48,6,6,11700,8989,2541,42.35,21,25,13,9,1,3,9,4,0,5,5,3,2,2,9,5,0,1,1,3,1
JP1_565208717,2026-02-14 23:14:55,420,CLASSIC,MATCHED_GAME,16.3.745.7600,UTILITY,Morgana,False,1,7,4,17,26,19,68,2.07,72,2.19,30,6,2,8173,6813,1973,32.88,12,23,9,3,0,6,2,7,0,2,5,2,3,2,4,0,2,0,1,0,3
JP1_565038384,2026-02-14 04:19:58,400,CLASSIC,MATCHED_GAME,16.3.745.7600,UTILITY,Seraphine,False,2,8,13,28,45,28,27,0.78,60,1.74,28,2,6,9632,16602,2066,34.43,23,35,13,5,1,7,6,7,0,4,4,5,3,6,4,0,6,0,2,2,2
JP1_565034397,2026-02-14 03:37:53,400,CLASSIC,MATCHED_GAME,16.3.745.7600,UTILITY,Braum,True,1,6,26,34,32,64,37,1.0,58,1.57,30,2,7,11445,10514,2213,36.88,33,27,12,7,0,5,7,5,1,2,3,6,0,6,6,0,3,1,2,2,2
JP1_565029333,2026-02-14 03:03:31,400,CLASSIC,MATCHED_GAME,16.3.745.7600,MIDDLE,Ahri,False,1,5,2,13,27,13,134,4.74,37,1.31,15,1,5,7144,9801,1696,28.27,8,26,7,1,1,5,2,5,1,4,1,1,1,5,1,0,3,0,0,0,3
JP1_565019511,2026-02-14 02:08:36,400,CLASSIC,MATCHED_GAME,16.3.745.7600,MIDDLE,Ahri,False,7,4,5,26,24,43,231,5.54,66,1.58,24,5,5,13614,18630,2503,41.72,16,23,10,6,0,4,6,4,0,3,5,2,2,3,5,0,2,0,0,1,3
JP1_564603868,2026-02-12 00:20:03,400,CLASSIC,MATCHED_GAME,16.3.745.7600,UTILITY,Braum,True,4,4,5,24,17,42,47,1.56,76,2.53,30,7,5,8062,5179,1803,30.05,13,19,7,2,2,3,3,4,0,2,2,3,4,2,1,0,1,1,1,2,0
JP1_564388546,2026-02-11 03:05:03,400,CLASSIC,MATCHED_GAME,16.3.744.7656,MIDDLE,Galio,True,2,4,6,23,22,25,155,5.38,27,0.94,12,2,3,8398,13244,1728,28.8,12,25,7,3,2,2,3,4,1,3,2,1,1,4,2,0,0,0,0,1,0
JP1_564380129,2026-02-11 02:14:02,400,CLASSIC,MATCHED_GAME,16.3.744.7656,UTILITY,Janna,False,0,11,9,16,38,35,32,1.11,37,1.28,21,0,4,6833,6155,1728,28.8,20,22,14,3,1,10,3,11,0,3,4,7,4,7,3,0,2,0,1,2,5
JP1_564369314,2026-02-11 01:33:21,400,CLASSIC,MATCHED_GAME,16.3.744.7656,MIDDLE,Galio,False,4,5,6,29,23,35,178,5.26,52,1.54,14,1,4,10816,15995,2032,33.87,15,31,12,8,0,4,7,5,3,4,2,3,5,5,2,0,2,0,1,4,2
JP1_564362225,2026-02-11 01:01:41,400,CLASSIC,MATCHED_GAME,16.3.744.7656,MIDDLE,Galio,False,0,5,0,1,26,1,95,4.18,26,1.14,10,0,4,5434,8362,1363,22.72,5,14,5,0,0,5,0,5,0,0,3,2,1,4,0,1,2,1,1,0,4
JP1_564162784,2026-02-10 01:49:32,400,CLASSIC,MATCHED_GAME,16.3.744.7656,UTILITY,Janna,False,1,9,9,24,45,23,31,1.08,37,1.29,19,2,3,7258,6712,1725,28.75,19,31,11,2,2,7,3,8,0,5,0,6,5,3,3,1,1,0,3,0,4
JP1_564162368,2026-02-10 01:42:29,400,CLASSIC,MATCHED_GAME,16.3.744.7656,MIDDLE,Galio,False,0,0,0,0,1,0,4,1.95,0,0.0,1,0,1,693,27,123,2.05,0,1,0,0,0,0,0,0,0,0,0,0,0,0,0,0,0,0,0,0,0
JP1_564134689,2026-02-09 23:44:10,420,CLASSIC,MATCHED_GAME,16.3.744.7656,UTILITY,Janna,True,1,2,19,33,11,47,25,0.94,55,2.07,23,4,5,7858,6676,1596,26.6,22,24,11,8,1,2,9,2,0,3,4,4,4,5,2,2,0,0,0,5,0
JP1_564121348,2026-02-09 23:00:28,420,CLASSIC,MATCHED_GAME,16.3.744.7656,UTILITY,Janna,False,1,8,9,21,37,26,25,0.89,52,1.86,25,6,3,6965,3891,1679,27.98,18,29,14,5,0,9,6,8,1,4,7,2,7,6,1,0,0,0,1,1,3
JP1_563945518,2026-02-09 00:27:49,400,CLASSIC,MATCHED_GAME,16.3.744.7656,MIDDLE,Ahri,False,4,11,12,21,33,34,120,3.88,34,1.1,13,2,5,9794,24740,1858,30.97,27,27,17,5,2,10,6,11,2,6,4,5,6,6,5,2,4,1,1,0,2
JP1_563942520,2026-02-09 00:16:42,400,CLASSIC,MATCHED_GAME,16.3.744.7656,MIDDLE,Ahri,True,0,0,0,1,0,0,11,3.17,1,0.29,2,0,1,963,986,208,3.47,0,1,0,0,0,0,0,0,0,0,0,0,0,0,0,0,0,0,0,0,0
JP1_563722481,2026-02-08 04:04:43,400,CLASSIC,MATCHED_GAME,16.3.744.7656,MIDDLE,Galio,True,3,3,8,32,13,47,182,4.32,34,0.81,19,1,3,11673,13722,2526,42.1,14,28,9,6,1,2,6,3,1,2,4,2,2,1,6,2,0,1,0,2,1
JP1_563454259,2026-02-07 03:13:11,400,CLASSIC,MATCHED_GAME,16.3.744.1639,BOTTOM,Ashe,False,14,10,12,41,46,54,234,5.4,36,0.83,18,2,3,19011,29575,2600,43.33,36,51,26,16,4,6,16,10,1,12,12,1,6,8,12,3,6,3,1,2,2
JP1_563443540,2026-02-07 02:19:42,400,CLASSIC,MATCHED_GAME,16.3.744.1639,UTILITY,Janna,True,1,7,13,31,20,30,45,1.04,107,2.47,43,7,3,11843,7214,2598,43.3,21,28,12,7,3,2,5,7,0,4,4,4,1,4,7,3,0,1,1,4,1
JP1_563434325,2026-02-07 01:37:36,400,CLASSIC,MATCHED_GAME,16.3.744.1639,TOP,Malphite,True,2,7,9,33,21,49,129,3.74,36,1.04,17,2,3,9868,26538,2071,34.52,18,26,11,7,0,4,4,7,3,3,1,4,2,4,5,3,0,2,0,3,2
JP1_562777146,2026-02-03 23:04:49,420,CLASSIC,MATCHED_GAME,16.2.741.3171,UTILITY,Janna,True,0,6,6,32,18,26,39,1.22,76,2.38,29,9,3,7851,2329,1913,31.88,12,29,9,4,1,4,3,6,0,5,2,2,2,5,2,2,0,2,0,3,1
JP1_562593921,2026-02-02 23:21:38,420,CLASSIC,MATCHED_GAME,16.2.741.3171,UTILITY,Morgana,True,3,7,17,33,31,53,39,1.36,57,1.99,29,1,5,9531,18218,1717,28.62,27,27,12,6,1,5,5,7,0,4,4,4,2,8,2,1,2,3,0,0,1
JP1_562452962,2026-02-02 03:08:17,400,CLASSIC,MATCHED_GAME,16.2.741.3171,MIDDLE,Varus,False,0,9,2,12,27,10,115,4.82,22,0.92,13,0,3,6064,5464,1432,23.87,11,20,9,1,0,8,0,9,3,2,2,2,4,5,0,1,0,0,0,0,2
JP1_562450290,2026-02-02 02:41:55,400,CLASSIC,MATCHED_GAME,16.2.741.3171,UTILITY,Janna,False,1,7,3,5,31,7,31,1.54,34,1.68,16,2,2,4979,5924,1211,20.18,11,20,7,1,0,6,1,6,2,2,1,2,4,3,0,0,1,0,3,0,2
JP1_562444989,2026-02-02 02:09:57,400,CLASSIC,MATCHED_GAME,16.2.741.3171,UTILITY,Braum,False,2,8,0,5,36,7,32,1.27,42,1.67,18,5,6,6884,4817,1506,25.1,10,22,9,0,1,8,1,8,1,2,4,2,3,6,0,0,2,0,1,0,3
JP1_562443461,2026-02-02 01:41:49,400,CLASSIC,MATCHED_GAME,16.2.741.3171,UTILITY,Janna,False,1,8,2,8,35,6,33,1.41,52,2.22,23,3,5,5532,5680,1404,23.4,11,35,9,1,0,8,1,8,3,4,1,1,3,6,0,0,2,0,0,0,2
JP1_562219273,2026-02-01 02:22:13,420,CLASSIC,MATCHED_GAME,16.2.741.3171,UTILITY,Janna,True,1,5,14,24,19,45,19,0.6,69,2.16,34,4,7,9056,3411,1915,31.92,20,19,9,7,0,2,4,5,0,2,4,3,2,3,4,3,2,1,0,3,0
JP1_562206272,2026-02-01 01:20:54,400,CLASSIC,MATCHED_GAME,16.2.741.3171,UTILITY,Janna,True,3,2,18,36,17,39,33,1.16,67,2.35,29,3,6,9387,7348,1709,28.48,23,25,12,11,0,1,10,2,0,6,4,2,3,8,1,2,1,2,0,4,0
JP1_562201894,2026-02-01 01:09:32,400,CLASSIC,MATCHED_GAME,16.2.741.3171,UTILITY,Janna,True,0,0,0,1,2,0,9,2.69,1,0.3,3,0,1,976,241,201,3.35,0,1,0,0,0,0,0,0,0,0,0,0,0,0,0,0,0,0,0,0,0
JP1_562191667,2026-02-01 00:29:37,400,CLASSIC,MATCHED_GAME,16.2.741.3171,UTILITY,Janna,True,1,2,13,32,10,43,38,1.23,88,2.86,36,10,8,8215,3879,1847,30.78,16,27,10,8,1,1,8,2,0,3,7,0,2,4,4,0,0,1,0,5,0
JP1_562185060,2026-02-01 00:03:50,420,CLASSIC,MATCHED_GAME,16.2.741.3171,UTILITY,Janna,False,1,1,0,4,21,2,24,1.58,15,0.98,10,0,3,3830,3101,914,15.23,2,20,2,0,1,1,1,1,0,1,1,0,2,0,0,0,1,0,0,0,1
JP1_562170066,2026-01-31 23:15:28,420,CLASSIC,MATCHED_GAME,16.2.741.3171,UTILITY,Janna,False,0,10,8,18,30,29,42,1.31,68,2.12,27,7,8,7339,3198,1927,32.12,18,19,10,2,0,8,0,10,1,4,0,5,3,5,2,0,2,0,3,0,3
JP1_561590103,2026-01-29 00:36:39,400,CLASSIC,MATCHED_GAME,16.2.741.3171,UTILITY,Braum,True,2,4,9,26,8,31,32,1.57,30,1.47,16,2,2,5994,4590,1223,20.38,15,21,8,5,2,1,4,4,0,4,2,2,5,3,0,0,2,0,0,1,1
JP1_561581260,2026-01-29 00:02:45,400,CLASSIC,MATCHED_GAME,16.2.741.3171,UTILITY,Janna,False,1,10,9,18,35,19,35,1.38,49,1.93,24,5,3,6922,4057,1526,25.43,20,24,10,1,2,7,0,10,1,2,5,2,5,5,0,0,1,0,1,1,1
JP1_561571258,2026-01-28 23:26:47,400,CLASSIC,MATCHED_GAME,16.2.741.3171,UTILITY,Morgana,False,1,3,5,6,24,12,23,1.25,21,1.14,13,0,0,4805,8071,1105,18.42,9,21,6,4,0,2,3,3,0,3,3,0,5,1,0,0,0,0,0,0,1
JP1_561563671,2026-01-28 23:04:33,400,CLASSIC,MATCHED_GAME,16.2.741.3171,UTILITY,Janna,False,0,1,0,0,12,0,33,2.06,13,0.81,10,1,0,3549,2277,962,16.03,1,11,1,0,0,1,0,1,0,0,1,0,1,0,0,0,0,0,0,0,0
JP1_561402837,2026-01-28 00:33:31,420,CLASSIC,MATCHED_GAME,16.2.740.1491,UTILITY,Janna,True,0,11,11,27,37,36,41,0.97,100,2.37,49,4,4,10194,4255,2532,42.2,22,30,14,4,2,8,3,11,2,2,6,4,3,3,8,1,2,2,1,1,3
JP1_561395742,2026-01-27 23:59:21,400,CLASSIC,MATCHED_GAME,16.2.740.1491,UTILITY,Braum,True,0,4,1,21,14,9,40,2.16,32,1.73,20,1,2,4631,2006,1112,18.53,5,16,4,0,0,4,0,4,0,2,2,0,3,1,0,0,0,0,0,0,1
JP1_561382368,2026-01-27 23:08:33,400,CLASSIC,MATCHED_GAME,16.2.740.1491,UTILITY,Janna,False,1,3,5,12,23,15,44,1.24,74,2.09,35,3,3,8186,7774,2122,35.37,9,21,8,5,0,3,5,3,0,3,3,2,2,3,3,0,2,0,0,1,3
JP1_561015237,2026-01-25 23:28:17,400,CLASSIC,MATCHED_GAME,16.2.740.1491,UTILITY,Braum,True,0,8,4,27,35,19,41,0.87,116,2.47,51,9,10,10682,5452,2815,46.92,12,42,10,1,2,7,2,8,0,3,4,3,2,2,6,1,1,2,0,2,2
JP1_561005601,2026-01-25 22:56:22,400,CLASSIC,MATCHED_GAME,16.2.740.1491,UTILITY,Braum,False,1,8,2,14,22,8,29,1.04,39,1.4,22,0,2,6273,3536,1669,27.82,11,24,9,0,2,7,2,7,0,5,3,1,2,6,1,0,2,0,1,0,3
JP1_560998137,2026-01-25 22:28:25,400,CLASSIC,MATCHED_GAME,16.2.740.1491,UTILITY,Leona,False,1,12,2,9,34,5,14,0.69,23,1.13,12,1,4,4891,5108,1216,20.27,15,18,10,1,0,9,0,10,0,4,4,2,6,4,0,0,1,0,3,0,4
JP1_560983484,2026-01-25 21:42:03,400,CLASSIC,MATCHED_GAME,16.2.740.1491,UTILITY,Seraphine,False,4,12,19,36,43,73,50,1.19,97,2.31,42,8,5,12142,11465,2517,41.95,35,26,16,5,3,8,4,12,0,2,8,6,3,6,7,2,1,0,3,0,2
JP1_560953161,2026-01-25 19:38:23,400,CLASSIC,MATCHED_GAME,16.2.740.1491,UTILITY,Nami,True,0,3,2,17,9,5,21,1.21,19,1.1,14,0,2,4188,2704,1038,17.3,5,20,4,1,1,2,1,3,0,4,0,0,2,2,0,1,0,0,0,0,1
JP1_560945235,2026-01-25 18:56:35,400,CLASSIC,MATCHED_GAME,16.2.740.1491,UTILITY,Braum,False,0,12,6,20,34,29,28,0.76,76,2.07,33,5,5,8195,7367,2207,36.78,18,30,13,1,4,8,1,12,0,5,3,5,3,4,6,2,2,1,3,0,4
JP1_560937860,2026-01-25 18:29:19,400,CLASSIC,MATCHED_GAME,16.2.740.1491,UTILITY,Braum,False,1,10,2,10,36,6,30,1.37,36,1.65,17,3,1,5922,3611,1312,21.87,13,28,11,1,0,10,1,10,0,7,3,1,6,5,0,1,1,0,0,0,1
JP1_560924039,2026-01-25 17:14:05,400,CLASSIC,MATCHED_GAME,16.2.740.1491,UTILITY,Braum,False,1,3,5,15,21,16,33,1.25,51,1.94,24,2,3,6527,6373,1581,26.35,9,28,7,3,0,4,4,3,0,2,4,1,2,4,1,2,0,0,1,1,0
JP1_560573025,2026-01-24 02:47:24,400,CLASSIC,MATCHED_GAME,16.2.740.1491,UTILITY,Seraphine,False,0,7,1,14,27,8,52,1.7,61,1.99,22,8,4,6907,9593,1839,30.65,8,23,6,0,0,6,0,6,0,1,2,3,1,3,2,0,2,0,1,0,3
JP1_560564814,2026-01-24 02:12:26,400,CLASSIC,MATCHED_GAME,16.2.740.1491,UTILITY,Seraphine,False,1,9,5,15,38,14,35,1.26,42,1.51,25,0,3,6782,11165,1668,27.8,15,25,11,1,2,8,2,9,1,4,3,3,1,8,2,1,4,1,0,0,4
JP1_560555990,2026-01-24 01:33:34,400,CLASSIC,MATCHED_GAME,16.2.740.1491,UTILITY,Morgana,False,3,11,3,16,43,23,49,1.59,54,1.75,24,3,5,8464,13370,1851,30.85,17,29,14,2,2,10,3,11,0,6,3,5,5,5,4,1,4,0,2,1,5
JP1_560549085,2026-01-24 01:00:39,400,CLASSIC,MATCHED_GAME,16.2.740.1491,UTILITY,Braum,False,1,13,3,14,38,15,31,1.08,38,1.32,20,2,3,6610,3352,1724,28.73,17,31,13,0,2,11,0,13,1,6,4,2,5,6,2,0,2,0,1,0,6
JP1_560535317,2026-01-24 00:19:07,400,CLASSIC,MATCHED_GAME,16.2.740.1491,UTILITY,Janna,True,0,4,17,24,14,51,31,0.96,78,2.42,31,7,2,8468,5250,1935,32.25,21,21,9,7,1,1,5,4,0,3,4,2,2,4,3,0,0,2,1,4,0
JP1_560528224,2026-01-23 23:52:33,400,CLASSIC,MATCHED_GAME,16.2.740.1491,UTILITY,Braum,True,2,2,7,24,4,20,21,1.09,29,1.5,17,1,3,5497,6237,1159,19.32,11,18,7,5,0,2,5,2,0,4,3,0,3,4,0,1,0,1,0,2,0
JP1_560516506,2026-01-23 23:19:19,400,CLASSIC,MATCHED_GAME,16.2.740.1491,UTILITY,Janna,False,2,5,7,21,31,21,38,1.4,56,2.06,22,4,6,7286,6948,1631,27.18,14,31,10,5,2,3,5,5,0,5,2,3,5,4,1,1,2,0,1,2,1
JP1_560501908,2026-01-23 22:36:59,400,CLASSIC,MATCHED_GAME,16.2.740.1491,MIDDLE,Galio,False,0,9,15,21,28,51,146,4.21,38,1.1,17,2,4,8828,12061,2079,34.65,24,31,17,8,0,9,8,9,3,3,9,2,4,7,6,2,4,0,0,1,1
JP1_560365124,2026-01-23 03:01:58,420,CLASSIC,MATCHED_GAME,16.2.738.9684,UTILITY,Braum,False,0,2,2,4,24,5,31,1.24,50,1.99,22,3,5,5616,2872,1505,25.08,4,19,4,1,1,2,2,2,0,3,1,0,2,2,0,0,2,0,0,0,1
JP1_560359757,2026-01-23 02:25:41,420,CLASSIC,MATCHED_GAME,16.2.738.9684,UTILITY,Janna,False,2,5,3,9,23,11,23,0.95,57,2.37,24,6,3,6193,3903,1446,24.1,10,15,6,0,2,4,1,5,0,1,4,1,4,2,0,0,2,0,1,0,2
JP1_560340242,2026-01-23 00:32:45,400,CLASSIC,MATCHED_GAME,16.2.738.9684,UTILITY,Braum,False,2,8,5,19,30,19,30,1.08,52,1.88,24,2,2,7409,7278,1664,27.73,15,28,11,2,2,7,3,8,0,1,6,4,2,7,2,1,1,2,1,0,5
JP1_560329757,2026-01-22 23:54:46,400,CLASSIC,MATCHED_GAME,16.2.738.9684,UTILITY,Janna,True,1,7,18,30,29,54,30,0.93,87,2.7,32,10,2,9563,5458,1930,32.17,26,24,11,6,0,5,4,7,0,2,4,5,5,4,2,2,1,1,0,3,1
JP1_560317814,2026-01-22 23:17:42,400,CLASSIC,MATCHED_GAME,16.2.738.9684,UTILITY,Seraphine,False,2,8,5,26,34,16,67,2.01,65,1.95,27,5,4,9142,6847,1999,33.32,15,36,12,1,5,6,4,8,3,4,3,2,4,2,6,2,1,1,0,1,1
JP1_560144722,2026-01-22 01:10:08,400,CLASSIC,MATCHED_GAME,16.1.737.4870,UTILITY,Janna,False,1,7,1,14,43,14,47,1.39,64,1.9,25,5,3,8497,3933,2025,33.75,9,26,7,0,1,6,0,7,0,1,1,5,0,3,4,1,3,0,2,1,2
JP1_559929645,2026-01-21 00:27:51,420,CLASSIC,MATCHED_GAME,16.1.737.4870,UTILITY,Braum,False,0,8,4,17,26,27,44,0.98,85,1.9,33,8,4,9346,5291,2682,44.7,12,20,8,1,0,7,0,8,0,2,2,4,0,4,4,2,1,0,1,0,2
JP1_559913431,2026-01-20 23:25:34,420,CLASSIC,MATCHED_GAME,16.1.737.4870,UTILITY,Braum,True,0,6,15,39,33,51,29,0.92,63,1.99,25,4,3,7870,5311,1898,31.63,21,31,12,5,2,5,6,6,0,4,6,2,2,8,2,4,1,1,0,5,0
JP1_559904291,2026-01-20 22:56:13,400,CLASSIC,MATCHED_GAME,16.1.737.4870,UTILITY,Morgana,False,0,8,3,12,32,11,38,1.57,31,1.28,14,1,2,5984,10520,1456,24.27,11,22,8,1,0,7,1,7,0,4,0,4,3,5,0,1,1,0,2,0,0
JP1_559555065,2026-01-19 01:59:11,400,CLASSIC,MATCHED_GAME,16.1.737.4870,UTILITY,Braum,True,2,8,15,24,27,55,46,1.13,63,1.55,26,5,2,12031,12947,2441,40.68,25,21,12,4,2,6,4,8,0,4,2,6,3,4,5,1,3,0,1,4,1
JP1_559306602,2026-01-18 03:05:32,400,CLASSIC,MATCHED_GAME,16.1.737.4870,UTILITY,Braum,True,0,1,2,25,5,15,34,1.41,49,2.03,26,4,2,6112,2083,1449,24.15,3,22,2,2,0,0,1,1,0,0,1,1,0,2,0,1,0,1,0,0,0
JP1_559299127,2026-01-18 02:19:17,400,CLASSIC,MATCHED_GAME,16.1.737.4870,UTILITY,Seraphine,True,2,10,16,46,29,57,80,2.18,73,1.99,28,3,0,11430,19999,2200,36.67,28,36,17,9,3,5,7,10,0,4,11,2,3,8,6,3,1,0,0,3,1
JP1_559294070,2026-01-18 01:58:17,400,CLASSIC,MATCHED_GAME,16.1.737.4870,UTILITY,Seraphine,True,3,0,2,21,4,15,17,1.02,20,1.2,13,0,0,4870,5369,1004,16.73,5,19,4,3,1,0,4,0,1,1,2,0,3,1,0,0,0,0,0,1,0
JP1_559283591,2026-01-18 01:18:29,400,CLASSIC,MATCHED_GAME,16.1.737.4870,UTILITY,Seraphine,False,3,13,7,12,50,20,80,2.21,49,1.36,23,5,0,10112,14973,2168,36.13,23,25,14,0,1,13,1,13,0,3,6,5,3,6,5,1,1,0,5,0,3
JP1_559272336,2026-01-18 00:38:58,400,CLASSIC,MATCHED_GAME,16.1.737.4870,UTILITY,Seraphine,True,2,5,13,30,23,42,62,1.94,51,1.59,22,6,0,8842,19370,1919,31.98,20,28,12,6,1,5,7,5,0,4,4,4,2,7,3,1,3,2,0,2,0
JP1_559170201,2026-01-17 18:46:30,420,CLASSIC,MATCHED_GAME,16.1.737.4870,UTILITY,Janna,False,0,9,9,20,42,31,22,0.89,36,1.46,18,0,2,5865,3253,1478,24.63,18,27,9,2,1,6,0,9,1,1,4,3,3,6,0,0,3,0,3,0,1
JP1_559041013,2026-01-17 02:21:36,400,CLASSIC,MATCHED_GAME,16.1.737.4870,UTILITY,Braum,False,0,0,0,0,0,0,2,0.59,1,0.3,1,0,0,896,144,202,3.37,0,0,0,0,0,0,0,0,0,0,0,0,0,0,0,0,0,0,0,0,0
JP1_559031651,2026-01-17 01:51:05,400,CLASSIC,MATCHED_GAME,16.1.737.4870,MIDDLE,AurelionSol,False,0,9,1,6,30,7,107,4.22,13,0.51,8,0,1,5751,7449,1523,25.38,10,21,9,0,0,9,0,9,3,2,2,2,4,5,0,0,1,0,0,0,4
JP1_559022805,2026-01-17 01:18:22,400,CLASSIC,MATCHED_GAME,16.1.737.4870,MIDDLE,Morgana,False,1,9,1,15,37,8,112,4.15,26,0.96,12,1,2,6539,9829,1621,27.02,11,28,11,2,0,9,2,9,3,3,2,3,4,6,1,0,1,0,0,0,4
JP1_558820492,2026-01-16 01:41:15,400,CLASSIC,MATCHED_GAME,16.1.737.4870,UTILITY,Janna,False,2,4,0,6,24,3,24,1.42,26,1.54,12,2,2,4239,3993,1011,16.85,6,21,4,1,0,3,0,4,0,0,4,0,2,2,0,0,1,0,1,0,0
JP1_558815171,2026-01-16 01:05:38,400,CLASSIC,MATCHED_GAME,16.1.737.4870,UTILITY,Seraphine,False,1,6,0,15,37,9,51,1.68,42,1.39,18,5,2,7107,10462,1819,30.32,7,25,7,0,1,6,1,6,0,1,3,3,1,3,3,0,0,0,1,0,2
JP1_558410103,2026-01-14 00:57:21,400,CLASSIC,MATCHED_GAME,16.1.737.4870,UTILITY,Seraphine,False,2,15,6,18,40,30,45,1.45,46,1.48,20,2,2,8480,11486,1867,31.12,23,24,16,2,1,13,2,14,1,7,4,4,6,7,3,1,1,0,0,1,2
JP1_558400880,2026-01-14 00:19:49,400,CLASSIC,MATCHED_GAME,16.1.737.4870,UTILITY,Leona,True,4,5,14,31,15,46,43,1.31,51,1.56,22,4,0,10349,13552,1967,32.78,23,25,15,10,1,4,10,5,0,7,4,4,7,4,4,0,1,2,0,6,0
JP1_558394454,2026-01-13 23:53:29,400,CLASSIC,MATCHED_GAME,16.1.737.4870,UTILITY,Morgana,False,2,9,1,8,29,3,21,1.09,25,1.3,13,2,2,5548,8772,1151,19.18,12,26,11,1,1,9,2,9,1,8,2,0,7,4,0,0,2,0,0,1,1
JP1_558223025,2026-01-13 02:23:29,400,CLASSIC,MATCHED_GAME,16.1.737.4870,UTILITY,Seraphine,True,2,5,12,33,20,43,50,1.96,41,1.61,16,1,2,8077,10069,1527,25.45,19,21,7,3,1,3,2,5,0,1,1,5,2,5,0,4,0,3,0,2,0
JP1_558214951,2026-01-13 01:42:12,400,CLASSIC,MATCHED_GAME,16.1.737.4870,JUNGLE,Gwen,False,3,7,2,11,25,16,203,5.48,45,1.22,4,12,4,12869,14762,2222,37.03,12,29,11,3,1,7,4,7,1,7,2,1,2,4,5,2,2,0,0,0,3
JP1_558212307,2026-01-13 01:17:01,400,CLASSIC,MATCHED_GAME,16.1.737.4870,MIDDLE,Seraphine,False,3,7,0,8,23,6,64,2.97,19,0.88,8,2,2,5199,9813,1294,21.57,10,18,7,0,1,6,0,7,3,0,4,0,3,4,0,0,1,0,0,0,1
JP1_558205061,2026-01-13 00:43:11,400,CLASSIC,MATCHED_GAME,16.1.737.4870,JUNGLE,Kindred,False,0,7,0,4,34,4,151,5.86,22,0.85,5,5,0,7682,2154,1547,25.78,7,25,7,0,0,7,0,7,1,1,4,1,3,4,0,0,2,0,1,0,3
JP1_558085150,2026-01-12 17:24:44,400,CLASSIC,MATCHED_GAME,16.1.737.4870,UTILITY,Morgana,False,1,9,10,24,41,34,72,2.12,68,2.0,27,6,2,9877,20439,2037,33.95,20,32,13,4,2,7,4,9,0,7,4,2,4,5,4,2,3,0,0,0,3
JP1_557975900,2026-01-12 03:12:16,400,CLASSIC,MATCHED_GAME,16.1.737.4870,UTILITY,Morgana,True,2,5,9,25,16,28,49,1.84,50,1.88,22,3,3,7970,13940,1600,26.67,16,21,12,10,0,2,7,5,1,7,1,3,3,8,1,2,1,0,0,2,0
JP1_557700140,2026-01-11 02:54:03,400,CLASSIC,MATCHED_GAME,16.1.737.4870,UTILITY,Seraphine,False,2,7,1,6,34,7,30,1.23,25,1.02,13,0,2,6175,9044,1466,24.43,10,23,9,1,1,7,2,7,1,4,2,2,4,5,0,0,0,0,2,0,5
JP1_557691355,2026-01-11 02:14:56,400,CLASSIC,MATCHED_GAME,16.1.737.4870,UTILITY,Seraphine,False,0,6,1,5,26,4,39,1.85,31,1.47,14,4,2,5343,7227,1264,21.07,7,20,7,0,1,6,1,6,0,3,3,1,3,4,0,1,0,0,0,0,1
JP1_557674960,2026-01-11 01:17:21,400,CLASSIC,MATCHED_GAME,16.1.737.4870,UTILITY,Janna,False,2,11,8,27,49,31,35,1.28,35,1.28,15,1,2,7477,7280,1643,27.38,21,35,15,4,2,9,4,11,0,8,3,4,5,9,1,1,2,0,2,1,3
JP1_557658703,2026-01-11 00:22:11,400,CLASSIC,MATCHED_GAME,16.1.737.4870,UTILITY,Seraphine,True,3,9,12,35,26,48,51,1.6,58,1.82,24,4,2,9900,16235,1911,31.85,24,29,14,6,1,7,5,9,1,6,3,4,4,6,4,4,1,0,0,5,1
JP1_557642734,2026-01-10 23:38:24,400,CLASSIC,MATCHED_GAME,16.1.737.4870,UTILITY,Rakan,False,0,7,4,6,20,7,32,1.52,36,1.71,20,1,1,5077,2751,1263,21.05,11,18,8,1,1,6,1,7,0,5,3,0,4,4,0,0,2,0,0,1,1
JP1_557430876,2026-01-10 02:54:19,400,CLASSIC,MATCHED_GAME,16.1.737.1049,UTILITY,Seraphine,False,3,9,5,15,28,12,48,1.67,44,1.53,19,1,2,8306,15551,1725,28.75,17,28,14,5,0,9,5,9,1,8,5,0,5,7,2,0,2,0,1,1,6
JP1_557419532,2026-01-10 02:00:16,400,CLASSIC,MATCHED_GAME,16.1.737.1049,UTILITY,Morgana,False,3,7,7,16,32,22,64,1.91,52,1.55,24,3,2,10110,16070,2012,33.53,17,27,12,6,0,6,5,7,0,4,6,2,2,4,6,1,3,0,1,0,5
JP1_557375160,2026-01-09 23:36:27,400,CLASSIC,MATCHED_GAME,16.1.737.1049,UTILITY,Seraphine,True,1,4,7,37,12,26,42,1.77,39,1.64,19,3,1,6693,9768,1426,23.77,12,25,9,6,0,3,5,4,0,3,4,2,4,5,0,1,0,1,0,3,0
JP1_556572228,2026-01-05 23:21:47,420,CLASSIC,MATCHED_GAME,15.24.734.7485,UTILITY,Janna,False,0,5,9,20,28,28,35,1.16,45,1.5,19,4,3,6751,2219,1806,30.1,14,22,9,4,1,4,4,5,1,3,1,4,0,6,3,1,4,0,1,3,2
