match_id,report_text
JP1_592594621,"ランク / W / 34:25
SUP / ナミ
1 / 4 / 11 (22 / 24 / 33), 1.1 , 37 , 112"
JP1_592588648,"ランク / W / 30:22
SUP / ナミ
3 / 3 / 13 (25 / 20 / 41), 0.9 , 26 , 82"
JP1_592582664,"ランク / W / 24:40
SUP / ナミ
1 / 4 / 12 (25 / 11 / 29), 0.8 , 21 , 53"
JP1_592470895,"ランク / L / 27:06
SUP / ナミ
0 / 7 / 2 (7 / 28 / 6), 1.0 , 28 , 53"
JP1_592468449,"ランク / L / 27:39
SUP / ナミ
0 / 6 / 6 (12 / 31 / 14), 0.8 , 22 , 64"
JP1_592307679,"ランク / L / 33:57
SUP / ナミ
0 / 8 / 10 (19 / 43 / 26), 0.8 , 28 , 84"
JP1_592306373,"ランク / L / 20:29
TOP / オラフ
0 / 6 / 0 (4 / 20 / 6), 3.8 , 77 , 14"
JP1_592134035,"ドラフト / L / 59:36
SUP / ナミ
1 / 4 / 15 (27 / 39 / 56), 0.8 , 50 , 155"
JP1_592130272,"ドラフト / L / 27:00
MID / リサンドラ
3 / 7 / 0 (15 / 37 / 16), 4.7 , 126 , 25"
JP1_591847983,"ドラフト / W / 43:01
SUP / ナミ
1 / 10 / 28 (43 / 51 / 80), 0.9 , 41 , 123"
JP1_591845835,"ドラフト / W / 32:25
SUP / ラカン
1 / 5 / 13 (30 / 21 / 44), 1.1 , 36 , 77"
JP1_591434669,"ドラフト / W / 30:33
SUP / ナミ
2 / 3 / 11 (27 / 21 / 35), 0.8 , 24 , 76"
JP1_591429144,"ドラフト / W / 39:23
SUP / モルガナ
3 / 9 / 12 (31 / 41 / 43), 1.2 , 48 , 93"
JP1_591420730,"ドラフト / W / 31:21
SUP / ミリオ
1 / 1 / 11 (28 / 16 / 33), 1.3 , 40 , 75"
JP1_591256919,"ドラフト / W / 26:18
SUP / ナミ
3 / 2 / 13 (26 / 11 / 34), 1.2 , 32 , 64"
JP1_591064825,"ドラフト / L / 27:43
SUP / ナミ
0 / 4 / 2 (9 / 28 / 7), 1.3 , 35 , 70"
JP1_590908218,"ドラフト / W / 31:32
MID / ガリオ
2 / 4 / 16 (40 / 14 / 52), 4.8 , 153 , 36"
JP1_590617657,"ドラフト / W / 33:39
SUP / ナミ
0 / 1 / 19 (27 / 11 / 37), 0.7 , 24 , 99"
JP1_590607790,"ドラフト / W / 33:54
SUP / モルガナ
0 / 10 / 16 (34 / 26 / 47), 1.4 , 46 , 74"
JP1_590492429,"ドラフト / W / 38:30
SUP / ナミ
1 / 6 / 21 (36 / 23 / 48), 0.9 , 35 , 116"
JP1_590484680,"ドラフト / W / 37:17
SUP / ナミ
1 / 5 / 16 (24 / 25 / 42), 1.2 , 44 , 112"
JP1_589739996,"ランク / L / 23:26
SUP / ナミ
0 / 2 / 3 (10 / 26 / 9), 0.9 , 22 , 29"
JP1_589731144,"ドラフト / W / 28:56
SUP / セラフィーン
1 / 6 / 17 (34 / 24 / 52), 1.0 , 29 , 65"
JP1_589555264,"ドラフト / W / 42:27
SUP / ザイラ
4 / 6 / 11 (32 / 27 / 50), 0.9 , 38 , 135"
JP1_589550525,"ドラフト / L / 30:52
SUP / モルガナ
7 / 5 / 15 (30 / 35 / 48), 1.9 , 57 , 68"
JP1_589542931,"ドラフト / W / 35:45
JG / ノクターン
1 / 11 / 12 (35 / 41 / 55), 5.1 , 183 , 15"
JP1_589536132,"ドラフト / L / 30:28
ADC / ケイトリン
2 / 16 / 4 (21 / 49 / 25), 5.2 , 158 , 21"
JP1_589526185,"ドラフト / W / 29:42
JG / ノクターン
8 / 3 / 10 (36 / 19 / 59), 6.4 , 190 , 20"
JP1_589508997,"ドラフト / W / 32:17
SUP / モルガナ
3 / 3 / 10 (29 / 15 / 44), 1.9 , 60 , 88"
JP1_589230849,"ドラフト / L / 18:14
SUP / モルガナ
3 / 2 / 2 (9 / 15 / 7), 1.2 , 22 , 33"
JP1_589224760,"ドラフト / W / 33:36
SUP / モルガナ
4 / 8 / 14 (42 / 39 / 48), 1.7 , 58 , 85"
JP1_589223792,"ドラフト / L / 3:23
SUP / セラフィーン
0 / 0 / 0 (0 / 0 / 0), 0.9 , 3 , 0"
JP1_588543292,"ドラフト / L / 27:10
SUP / セラフィーン
2 / 11 / 11 (20 / 38 / 29), 0.8 , 23 , 43"
JP1_588538442,"ドラフト / L / 34:16
SUP / セラフィーン
4 / 7 / 9 (19 / 43 / 25), 1.7 , 57 , 64"
JP1_588531273,"ドラフト / W / 31:02
SUP / セナ
5 / 5 / 6 (29 / 22 / 27), 1.3 , 41 , 85"
JP1_588523467,"ドラフト / L / 33:46
ADC / アッシュ
2 / 10 / 3 (22 / 37 / 17), 4.6 , 154 , 35"
JP1_588381904,"ランク / W / 42:06
SUP / ブラウム
1 / 8 / 14 (38 / 33 / 62), 0.8 , 32 , 111"
JP1_588372720,"ドラフト / W / 32:38
SUP / ラカン
0 / 2 / 10 (21 / 10 / 34), 1.3 , 42 , 78"
JP1_588241158,"ドラフト / W / 27:29
MID / リサンドラ
4 / 6 / 7 (36 / 16 / 39), 5.2 , 143 , 23"
JP1_588237043,"ドラフト / L / 24:46
SUP / モルガナ
1 / 5 / 4 (9 / 26 / 10), 2.1 , 51 , 62"
JP1_587939709,"ドラフト / L / 27:50
JG / ノクターン
3 / 6 / 3 (9 / 23 / 10), 4.0 , 111 , 17"
JP1_587937088,"ドラフト / L / 36:09
SUP / モルガナ
1 / 10 / 12 (33 / 36 / 35), 2.1 , 75 , 105"
JP1_587934023,"ドラフト / L / 23:13
JG / ノクターン
1 / 6 / 7 (12 / 30 / 16), 4.7 , 109 , 13"
JP1_587930135,"ドラフト / L / 23:33
JG / パンテオン
2 / 9 / 3 (10 / 31 / 14), 4.5 , 105 , 16"
JP1_587918620,"ドラフト / W / 32:26
SUP / カルマ
2 / 6 / 16 (32 / 17 / 39), 1.4 , 45 , 80"
JP1_587909911,"ドラフト / L / 31:14
ADC / アッシュ
13 / 7 / 5 (24 / 40 / 27), 6.0 , 186 , 28"
JP1_587717653,"ランク / L / 43:09
SUP / モルガナ
3 / 9 / 8 (29 / 35 / 37), 2.3 , 99 , 87"
JP1_587705855,"ランク / W / 31:26
SUP / モルガナ
3 / 2 / 18 (40 / 25 / 50), 2.0 , 62 , 78"
JP1_587697101,"ランク / W / 28:12
SUP / ナミ
3 / 5 / 10 (37 / 24 / 33), 1.6 , 44 , 53"
JP1_587686624,"ドラフト / W / 15:22
SUP / ジャンナ
0 / 0 / 2 (14 / 2 / 7), 1.5 , 23 , 23"
JP1_587676299,"ドラフト / L / 33:10
SUP / ミリオ
0 / 5 / 5 (13 / 27 / 19), 0.9 , 31 , 66"
JP1_587147991,"ランク / L / 20:42
SUP / レオナ
0 / 4 / 1 (5 / 11 / 3), 1.0 , 20 , 32"
JP1_587143693,"ランク / L / 28:44
SUP / モルガナ
5 / 7 / 5 (23 / 39 / 19), 2.5 , 72 , 79"
JP1_587137971,"ランク / W / 20:04
SUP / ナミ
1 / 1 / 17 (30 / 6 / 30), 1.1 , 23 , 52"
JP1_587124674,"ドラフト / W / 28:22
SUP / モルガナ
4 / 1 / 14 (32 / 13 / 39), 2.5 , 71 , 66"
JP1_586988955,"ドラフト / W / 27:12
ADC / アッシュ
6 / 6 / 10 (30 / 16 / 46), 5.3 , 145 , 35"
JP1_586313675,"ドラフト / W / 36:47
SUP / モルガナ
3 / 3 / 11 (20 / 24 / 31), 1.7 , 64 , 100"
JP1_586308328,"ドラフト / L / 38:15
ADC / アッシュ
9 / 10 / 12 (36 / 43 / 59), 5.1 , 194 , 37"
JP1_586125297,"ドラフト / W / 40:13
SUP / ブラウム
2 / 4 / 28 (42 / 24 / 96), 0.9 , 36 , 78"
JP1_586089933,"ドラフト / L / 36:06
SUP / セラフィーン
3 / 3 / 28 (38 / 36 / 61), 2.3 , 83 , 86"
JP1_586084566,"ドラフト / W / 18:51
SUP / ミリオ
0 / 0 / 6 (19 / 6 / 11), 1.2 , 23 , 33"
JP1_585987767,"ランク / W / 36:03
SUP / セラフィーン
1 / 3 / 14 (43 / 21 / 47), 1.2 , 42 , 95"
JP1_585981782,"ランク / L / 30:37
SUP / モルガナ
3 / 12 / 5 (20 / 41 / 27), 1.9 , 58 , 63"
JP1_585973881,"ランク / L / 33:41
SUP / ジャンナ
2 / 5 / 2 (11 / 26 / 8), 1.2 , 40 , 71"
JP1_585954953,"ドラフト / W / 35:33
SUP / セラフィーン
6 / 4 / 20 (42 / 23 / 49), 2.1 , 74 , 84"
JP1_585779279,"ドラフト / W / 40:30
SUP / ミリオ
3 / 4 / 21 (37 / 29 / 67), 1.6 , 65 , 107"
JP1_585641326,"ドラフト / W / 34:53
SUP / モルガナ
4 / 9 / 14 (31 / 38 / 44), 1.8 , 63 , 96"
JP1_585630522,"ドラフト / W / 23:23
SUP / セラフィーン
2 / 4 / 14 (28 / 16 / 52), 1.7 , 39 , 56"
JP1_585625679,"ドラフト / L / 14:47
SUP / モルガナ
2 / 1 / 2 (7 / 9 / 6), 1.4 , 20 , 19"
JP1_585311976,"ドラフト / L / 34:34
MID / ガリオ
2 / 11 / 9 (23 / 42 / 40), 3.7 , 129 , 43"
JP1_585305580,"ドラフト / L / 24:04
JG / パンテオン
0 / 4 / 1 (11 / 32 / 17), 6.0 , 144 , 18"
JP1_584394437,"ドラフト / W / 19:18
SUP / ラカン
0 / 0 / 9 (23 / 2 / 16), 0.8 , 16 , 40"
JP1_584269709,"ドラフト / W / 30:12
SUP / レオナ
1 / 8 / 17 (38 / 24 / 39), 1.0 , 31 , 81"
JP1_584264807,"ドラフト / L / 24:43
SUP / ナミ
2 / 5 / 7 (13 / 22 / 23), 1.0 , 25 , 59"
JP1_584246377,"ドラフト / W / 28:37
SUP / モルガナ
2 / 3 / 14 (35 / 18 / 31), 1.9 , 55 , 60"
JP1_584062947,"ドラフト / L / 30:16
TOP / イラオイ
1 / 11 / 1 (7 / 43 / 9), 5.7 , 172 , 22"
JP1_584057876,"ドラフト / W / 27:30
ADC / アッシュ
2 / 6 / 10 (25 / 24 / 41), 4.7 , 128 , 24"
JP1_584009074,"ドラフト / L / 16:14
SUP / ジャンナ
0 / 0 / 0 (6 / 11 / 0), 0.9 , 14 , 27"
JP1_583999160,"ドラフト / W / 23:47
SUP / モルガナ
2 / 0 / 6 (20 / 2 / 16), 1.6 , 39 , 48"
JP1_583912007,"ドラフト / W / 41:22
SUP / ナミ
2 / 7 / 20 (30 / 36 / 42), 1.2 , 51 , 100"
JP1_583830842,"ドラフト / L / 35:03
SUP / モルガナ
4 / 5 / 14 (25 / 34 / 35), 1.6 , 56 , 68"
JP1_583647018,"ドラフト / W / 29:05
SUP / ナミ
1 / 2 / 23 (29 / 15 / 49), 1.0 , 30 , 80"
JP1_583638626,"ドラフト / L / 26:53
SUP / モルガナ
1 / 5 / 1 (6 / 25 / 6), 2.1 , 56 , 60"
JP1_583627479,"ドラフト / L / 37:17
SUP / ナミ
0 / 4 / 8 (17 / 34 / 18), 0.8 , 29 , 81"
JP1_583619029,"ドラフト / L / 33:34
SUP / セラフィーン
0 / 3 / 5 (20 / 32 / 16), 1.8 , 61 , 56"
JP1_583457881,"ドラフト / W / 17:04
SUP / ジャンナ
0 / 0 / 0 (11 / 4 / 1), 1.4 , 24 , 29"
JP1_583454180,"ドラフト / L / 14:39
SUP / ナミ
1 / 1 / 0 (3 / 11 / 1), 2.0 , 29 , 28"
JP1_583441601,"ドラフト / L / 41:05
SUP / ナミ
1 / 7 / 12 (29 / 31 / 41), 0.8 , 32 , 97"
JP1_583304510,"ドラフト / W / 34:05
SUP / ナミ
2 / 5 / 16 (36 / 19 / 44), 1.2 , 41 , 70"
JP1_583298302,"ドラフト / L / 27:46
SUP / レナータ・グラスク
0 / 3 / 3 (6 / 19 / 6), 1.4 , 39 , 72"
JP1_583103270,"ドラフト / W / 47:45
SUP / ナミ
5 / 7 / 16 (32 / 37 / 53), 1.1 , 54 , 125"
JP1_582335397,"ドラフト / L / 27:01
SUP / セラフィーン
0 / 3 / 4 (11 / 36 / 17), 1.9 , 51 , 52"
JP1_582332415,"ドラフト / L / 11:28
SUP / ナミ
0 / 1 / 0 (2 / 11 / 1), 1.2 , 14 , 12"
JP1_582317507,"ドラフト / W / 33:34
SUP / セラフィーン
2 / 4 / 15 (24 / 13 / 51), 1.7 , 57 , 74"
JP1_582155249,"ドラフト / W / 22:21
SUP / モルガナ
6 / 2 / 7 (24 / 13 / 29), 2.1 , 46 , 48"
JP1_581806456,"ドラフト / W / 15:12
SUP / ブラウム
1 / 2 / 10 (30 / 4 / 19), 0.7 , 11 , 18"
JP1_581800511,"ドラフト / W / 17:28
MID / ガリオ
0 / 1 / 1 (18 / 4 / 16), 5.8 , 102 , 7"
JP1_581790090,"ドラフト / L / 32:27
MID / ガリオ
0 / 8 / 2 (9 / 31 / 11), 5.1 , 166 , 42"
JP1_581777636,"ドラフト / W / 32:49
MID / ガリオ
4 / 7 / 14 (27 / 30 / 50), 4.2 , 137 , 36"
JP1_581767336,"ドラフト / W / 36:51
MID / アニビア
1 / 6 / 7 (37 / 25 / 72), 3.5 , 131 , 40"
JP1_581640753,"ドラフト / W / 15:24
SUP / ミリオ
0 / 0 / 7 (14 / 3 / 14), 1.2 , 18 , 21"
JP1_581439116,"ドラフト / L / 20:03
SUP / ナミ
1 / 2 / 0 (4 / 16 / 0), 0.8 , 16 , 27"
JP1_581432017,"ドラフト / W / 22:32
SUP / ナミ
4 / 1 / 16 (37 / 7 / 37), 1.3 , 29 , 40"
JP1_581415669,"ドラフト / L / 26:23
SUP / ナミ
0 / 9 / 5 (21 / 31 / 18), 0.8 , 20 , 32"
JP1_581402157,"ドラフト / W / 33:08
SUP / モルガナ
7 / 3 / 12 (29 / 15 / 46), 2.4 , 79 , 76"
JP1_581386479,"ドラフト / L / 43:35
SUP / ジャンナ
0 / 10 / 20 (33 / 33 / 65), 0.7 , 32 , 109"
JP1_581373890,"ドラフト / W / 28:52
SUP / モルガナ
5 / 3 / 18 (47 / 18 / 42), 1.9 , 54 , 70"
JP1_581341733,"ドラフト / L / 36:14
SUP / ナミ
0 / 7 / 14 (23 / 25 / 38), 1.1 , 38 , 107"
JP1_581333309,"ドラフト / W / 43:52
SUP / ナミ
1 / 4 / 8 (17 / 19 / 25), 0.7 , 29 , 118"
JP1_581216478,"ドラフト / W / 34:38
SUP / ナミ
2 / 5 / 21 (32 / 28 / 63), 0.7 , 25 , 94"
JP1_581207839,"ドラフト / W / 34:18
SUP / モルガナ
1 / 5 / 25 (45 / 27 / 80), 1.2 , 40 , 105"
JP1_581197907,"ドラフト / W / 34:12
SUP / セラフィーン
4 / 5 / 17 (36 / 26 / 41), 0.9 , 31 , 99"
JP1_581193573,"ドラフト / L / 13:26
SUP / ミリオ
1 / 2 / 0 (1 / 9 / 1), 0.9 , 12 , 16"
JP1_581034202,"ドラフト / W / 16:24
SUP / ミリオ
1 / 0 / 3 (20 / 7 / 9), 1.3 , 22 , 31"
JP1_581027545,"ドラフト / L / 32:25
SUP / ミリオ
1 / 3 / 4 (11 / 22 / 19), 1.4 , 47 , 77"
JP1_581018990,"ドラフト / W / 34:30
SUP / ミリオ
1 / 4 / 10 (20 / 23 / 26), 1.5 , 51 , 87"
JP1_580864240,"ランク / L / 37:14
SUP / ナミ
0 / 9 / 11 (27 / 41 / 33), 1.1 , 39 , 87"
JP1_580855519,"ドラフト / L / 43:40
SUP / ナミ
3 / 8 / 22 (45 / 43 / 77), 0.7 , 31 , 114"
JP1_580843375,"ドラフト / W / 33:41
SUP / ナミ
1 / 5 / 24 (46 / 21 / 79), 1.0 , 34 , 84"
JP1_580766692,"ドラフト / L / 30:41
SUP / ミリオ
1 / 3 / 6 (10 / 26 / 14), 1.2 , 36 , 80"
JP1_580765194,"ドラフト / W / 1:17
SUP / ミリオ
0 / 0 / 0 (2 / 0 / 3), 0.8 , 1 , 0"
JP1_580756373,"ドラフト / W / 35:24
SUP / ミリオ
3 / 1 / 19 (47 / 15 / 56), 0.9 , 32 , 81"
JP1_580744748,"ドラフト / W / 28:42
SUP / ナミ
3 / 3 / 20 (35 / 15 / 33), 0.8 , 22 , 60"
JP1_580666865,"ランク / L / 29:53
SUP / ナミ
0 / 7 / 1 (3 / 30 / 3), 0.9 , 26 , 76"
JP1_580657909,"ランク / L / 34:12
SUP / ナミ
0 / 4 / 7 (19 / 30 / 24), 0.9 , 32 , 90"
JP1_580656938,"ドラフト / W / 1:27
SUP / ジャンナ
0 / 0 / 0 (0 / 0 / 0), 0.7 , 1 , 0"
JP1_580651266,"ドラフト / W / 21:24
SUP / ジャンナ
0 / 1 / 3 (21 / 11 / 9), 1.4 , 29 , 43"
JP1_580639352,"ドラフト / W / 45:52
MID / ガリオ
2 / 6 / 14 (36 / 51 / 57), 5.2 , 236 , 72"
JP1_580543013,"ドラフト / W / 24:01
SUP / ナミ
0 / 3 / 13 (27 / 15 / 42), 1.1 , 26 , 49"
JP1_580019330,"ランク / W / 22:07
SUP / ナミ
1 / 1 / 6 (22 / 7 / 20), 0.9 , 19 , 46"
JP1_580006635,"ランク / L / 27:08
SUP / ナミ
0 / 5 / 3 (6 / 18 / 6), 1.2 , 34 , 60"
JP1_579981367,"ランク / L / 33:11
SUP / ナミ
0 / 8 / 8 (14 / 37 / 23), 0.9 , 29 , 74"
JP1_579969592,"ドラフト / W / 26:50
SUP / セラフィーン
1 / 4 / 7 (21 / 11 / 26), 1.2 , 33 , 53"
JP1_579635375,"ドラフト / L / 33:43
SUP / ナミ
0 / 6 / 10 (14 / 32 / 24), 0.9 , 31 , 81"
JP1_579627931,"ランク / W / 28:45
SUP / ナミ
3 / 1 / 10 (25 / 13 / 32), 1.0 , 29 , 63"
JP1_579621170,"ランク / L / 31:33
SUP / ナミ
1 / 10 / 8 (28 / 38 / 30), 1.0 , 31 , 78"
JP1_579608034,"ランク / L / 38:57
SUP / ナミ
0 / 12 / 9 (36 / 51 / 32), 0.8 , 32 , 81"
JP1_579596244,"ドラフト / W / 28:24
SUP / ナミ
3 / 1 / 15 (35 / 11 / 29), 1.4 , 39 , 85"
JP1_579462254,"ドラフト / L / 26:26
SUP / ナミ
3 / 6 / 11 (14 / 36 / 16), 0.8 , 22 , 53"
JP1_579457423,"ドラフト / L / 31:19
SUP / ナミ
1 / 7 / 1 (9 / 29 / 7), 1.1 , 35 , 63"
JP1_579453884,"ドラフト / W / 29:03
SUP / ナミ
3 / 3 / 22 (41 / 6 / 47), 0.9 , 25 , 67"
JP1_579447985,"ドラフト / L / 30:49
SUP / ナミ
0 / 10 / 12 (20 / 38 / 36), 0.7 , 21 , 70"
JP1_579440772,"ドラフト / L / 34:32
SUP / レナータ・グラスク
0 / 5 / 9 (19 / 27 / 22), 0.9 , 31 , 94"
JP1_579432372,"ドラフト / L / 32:01
SUP / ナミ
0 / 7 / 4 (13 / 38 / 13), 0.9 , 28 , 65"
JP1_579416870,"ドラフト / L / 43:05
SUP / ナミ
3 / 9 / 25 (41 / 40 / 77), 0.8 , 33 , 103"
JP1_579407735,"ドラフト / W / 24:42
SUP / ナミ
1 / 2 / 7 (20 / 8 / 28), 1.3 , 31 , 58"
JP1_579400791,"ドラフト / W / 17:32
SUP / ナミ
1 / 0 / 13 (15 / 1 / 23), 0.9 , 15 , 28"
JP1_579395267,"ドラフト / W / 15:56
SUP / ナミ
0 / 3 / 8 (12 / 5 / 12), 0.8 , 12 , 25"
JP1_579226714,"ドラフト / W / 39:21
SUP / ナミ
1 / 7 / 13 (33 / 27 / 49), 0.8 , 32 , 96"
JP1_579223662,"ドラフト / W / 26:12
SUP / ナミ
0 / 2 / 9 (14 / 8 / 23), 1.4 , 36 , 65"
JP1_579219440,"ドラフト / W / 25:19
SUP / ナミ
0 / 4 / 9 (25 / 17 / 28), 1.1 , 28 , 43"
JP1_579211581,"ドラフト / W / 43:34
SUP / ナミ
0 / 5 / 17 (29 / 23 / 40), 0.9 , 39 , 107"
JP1_579201885,"ドラフト / L / 34:19
SUP / ナミ
2 / 7 / 7 (13 / 31 / 19), 0.7 , 24 , 71"
JP1_579194910,"ドラフト / W / 23:15
SUP / ナミ
0 / 1 / 10 (24 / 5 / 26), 1.1 , 26 , 44"
JP1_579189371,"ドラフト / W / 22:55
SUP / ナミ
4 / 0 / 10 (24 / 5 / 24), 1.2 , 28 , 51"
JP1_579180923,"ドラフト / W / 21:28
SUP / ナミ
3 / 0 / 5 (23 / 6 / 30), 0.9 , 19 , 38"
JP1_579172983,"ドラフト / L / 23:32
SUP / ミリオ
0 / 2 / 10 (11 / 22 / 17), 1.1 , 26 , 45"
JP1_579027880,"ドラフト / W / 30:21
SUP / セラフィーン
2 / 4 / 10 (38 / 18 / 28), 2.2 , 66 , 54"
JP1_579028071,"ドラフト / L / 2:26
SUP / ナミ
0 / 0 / 0 (1 / 0 / 0), 0.8 , 2 , 0"
JP1_579013195,"ドラフト / W / 39:01
SUP / セラフィーン
0 / 7 / 10 (22 / 18 / 32), 1.5 , 60 , 82"
JP1_578997522,"ドラフト / W / 34:08
SUP / ナミ
0 / 2 / 25 (31 / 13 / 52), 1.0 , 35 , 84"
JP1_578476145,"ドラフト / L / 40:20
SUP / ナミ
1 / 9 / 17 (33 / 46 / 44), 0.7 , 29 , 62"
JP1_578468053,"ドラフト / W / 41:10
SUP / ナミ
1 / 11 / 34 (59 / 47 / 103), 1.0 , 40 , 94"
JP1_578464123,"ドラフト / W / 22:58
SUP / ナミ
0 / 1 / 11 (25 / 13 / 18), 0.9 , 20 , 62"
JP1_578288222,"ドラフト / W / 34:56
SUP / ナミ
3 / 8 / 25 (46 / 17 / 61), 1.1 , 39 , 84"
JP1_578287219,"ドラフト / L / 1:32
SUP / セラフィーン
0 / 0 / 0 (0 / 0 / 0), 0.0 , 0 , 1"
JP1_578282787,"ドラフト / L / 2:25
ADC / アッシュ
0 / 1 / 0 (0 / 2 / 0), 2.1 , 5 , 1"
JP1_578259022,"ドラフト / W / 34:22
SUP / ナミ
3 / 4 / 21 (37 / 23 / 65), 1.3 , 46 , 77"
JP1_576467771,"ドラフト / W / 2:06
SUP / ナミ
0 / 0 / 0 (0 / 0 / 0), 1.9 , 4 , 0"
JP1_576458828,"ドラフト / L / 44:44
SUP / レナータ・グラスク
2 / 5 / 19 (35 / 38 / 66), 1.3 , 60 , 95"
JP1_576327611,"ドラフト / L / 26:02
SUP / ジャンナ
1 / 4 / 3 (10 / 36 / 9), 1.2 , 32 , 56"
JP1_576325295,"ドラフト / L / 23:52
MID / ゼラス
1 / 6 / 0 (10 / 27 / 8), 4.6 , 109 , 9"
JP1_576319447,"ドラフト / L / 28:30
MID / ガリオ
2 / 5 / 1 (8 / 28 / 13), 6.1 , 174 , 33"
JP1_575707395,"ドラフト / L / 34:58
SUP / ナミ
3 / 5 / 25 (36 / 40 / 50), 0.7 , 26 , 79"
JP1_575702176,"ドラフト / L / 18:38
SUP / ナミ
0 / 1 / 0 (3 / 19 / 0), 1.9 , 36 , 26"
JP1_575694619,"ドラフト / W / 20:33
SUP / ナミ
1 / 2 / 9 (24 / 10 / 18), 1.3 , 26 , 37"
JP1_575415436,"ドラフト / W / 33:28
SUP / ナミ
2 / 5 / 24 (51 / 35 / 56), 1.2 , 39 , 72"
JP1_575408426,"ドラフト / W / 35:48
SUP / ナミ
3 / 4 / 12 (29 / 22 / 43), 1.1 , 40 , 69"
JP1_574646365,"ドラフト / L / 38:03
MID / ガリオ
5 / 6 / 2 (29 / 39 / 44), 6.8 , 259 , 36"
JP1_574643792,"ドラフト / L / 15:41
MID / ゼラス
0 / 6 / 0 (4 / 21 / 4), 3.8 , 59 , 22"
JP1_573284837,"ドラフト / L / 38:37
SUP / ナミ
0 / 9 / 1 (5 / 35 / 4), 0.7 , 25 , 77"
JP1_573281218,"ドラフト / W / 34:34
SUP / セラフィーン
4 / 6 / 11 (28 / 18 / 45), 1.1 , 39 , 87"
JP1_573278329,"ドラフト / W / 16:37
SUP / ナミ
0 / 2 / 0 (13 / 4 / 2), 1.3 , 22 , 33"
JP1_573273484,"ドラフト / L / 30:13
SUP / ナミ
2 / 6 / 7 (15 / 24 / 20), 0.7 , 22 , 72"
JP1_573268221,"ドラフト / L / 22:46
SUP / レオナ
0 / 7 / 3 (11 / 30 / 9), 1.2 , 27 , 42"
JP1_572855462,"ドラフト / W / 27:51
SUP / ナミ
2 / 4 / 9 (29 / 11 / 30), 0.9 , 26 , 59"
JP1_572674957,"ドラフト / W / 30:11
MID / ガリオ
1 / 2 / 4 (27 / 6 / 28), 7.2 , 216 , 27"
JP1_572665729,"ドラフト / L / 31:43
MID / ガリオ
1 / 8 / 4 (12 / 29 / 16), 6.2 , 197 , 34"
JP1_572659558,"ドラフト / W / 15:25
MID / ガリオ
1 / 1 / 0 (9 / 5 / 6), 6.5 , 101 , 19"
JP1_572648821,"ドラフト / L / 30:48
MID / ヴェル＝コズ
4 / 9 / 1 (15 / 35 / 10), 4.8 , 149 , 37"
JP1_572504153,"ドラフト / L / 56:41
SUP / ナミ
1 / 11 / 16 (39 / 48 / 50), 0.9 , 53 , 130"
JP1_572497339,"ドラフト / W / 22:18
SUP / ナミ
4 / 3 / 3 (21 / 8 / 20), 1.2 , 26 , 51"
JP1_572305502,"ドラフト / L / 28:39
SUP / レナータ・グラスク
1 / 7 / 2 (12 / 32 / 11), 1.4 , 39 , 68"
JP1_572099879,"ドラフト / W / 24:13
SUP / レナータ・グラスク
2 / 4 / 15 (34 / 14 / 36), 1.4 , 33 , 39"
JP1_571908469,"ドラフト / W / 31:09
SUP / ナミ
0 / 1 / 11 (28 / 9 / 31), 1.4 , 44 , 67"
JP1_571276922,"ドラフト / L / 50:22
SUP / ナミ
3 / 6 / 16 (40 / 35 / 53), 0.7 , 35 , 107"
JP1_571266562,"ドラフト / W / 28:25
MID / アーリ
2 / 4 / 4 (20 / 14 / 36), 5.5 , 157 , 27"
JP1_571124937,"ドラフト / L / 32:39
SUP / ブラウム
1 / 7 / 3 (29 / 25 / 10), 0.6 , 20 , 79"
JP1_571123224,"ドラフト / W / 21:36
SUP / ナミ
1 / 1 / 6 (13 / 9 / 14), 1.3 , 28 , 37"
JP1_571095396,"ドラフト / L / 18:10
SUP / セラフィーン
4 / 1 / 0 (4 / 16 / 6), 2.1 , 39 , 27"
JP1_570949791,"ドラフト / L / 32:50
MID / ゼラス
4 / 8 / 8 (34 / 32 / 59), 4.8 , 157 , 43"
JP1_570516971,"ドラフト / W / 42:40
SUP / ナミ
0 / 11 / 23 (34 / 63 / 46), 1.0 , 41 , 85"
JP1_570511965,"ドラフト / L / 19:07
MID / ゼラス
2 / 3 / 0 (10 / 15 / 11), 5.3 , 102 , 25"
JP1_570319449,"ドラフト / L / 33:08
SUP / レオナ
1 / 10 / 7 (19 / 39 / 24), 1.2 , 40 , 83"
JP1_570307638,"ドラフト / L / 29:22
SUP / ナミ
2 / 4 / 6 (12 / 27 / 14), 1.2 , 36 , 46"
JP1_570301929,"ドラフト / L / 15:18
SUP / ナミ
1 / 3 / 2 (6 / 15 / 5), 1.6 , 25 , 18"
JP1_570170572,"ドラフト / L / 34:24
SUP / セラフィーン
0 / 6 / 4 (7 / 23 / 16), 1.3 , 45 , 57"
JP1_570161289,"ドラフト / W / 45:21
MID / ガリオ
2 / 4 / 7 (29 / 29 / 40), 5.5 , 249 , 62"
JP1_570153213,"ドラフト / L / 31:14
MID / アーリ
1 / 9 / 1 (18 / 24 / 19), 5.8 , 181 , 44"
JP1_570132990,"ドラフト / W / 32:07
SUP / ジャンナ
2 / 5 / 22 (33 / 24 / 59), 1.1 , 37 , 73"
JP1_569422334,"ドラフト / W / 36:46
MID / ゼラス
9 / 4 / 14 (37 / 25 / 61), 4.8 , 177 , 51"
JP1_568318493,"ドラフト / L / 15:45
SUP / ザイラ
0 / 3 / 0 (3 / 18 / 2), 1.8 , 28 , 23"
JP1_567132238,"ランク / L / 36:08
SUP / モルガナ
2 / 9 / 11 (31 / 45 / 42), 1.6 , 57 , 79"
JP1_567113669,"ドラフト / W / 30:12
SUP / ナミ
1 / 5 / 18 (35 / 25 / 40), 1.0 , 31 , 72"
JP1_567105103,"ドラフト / L / 32:46
SUP / モルガナ
2 / 8 / 2 (8 / 28 / 6), 1.2 , 40 , 79"
JP1_567087882,"ドラフト / L / 46:51
SUP / モルガナ
6 / 13 / 13 (33 / 43 / 47), 2.3 , 108 , 107"
JP1_567076263,"ドラフト / L / 34:56
TOP / マルファイト
1 / 8 / 2 (23 / 32 / 20), 4.1 , 144 , 42"
JP1_567036820,"ドラフト / L / 34:19
SUP / ジャンナ
0 / 3 / 2 (12 / 22 / 8), 1.2 , 41 , 58"
JP1_567011863,"ランク / W / 27:08
SUP / ジャンナ
0 / 2 / 10 (23 / 7 / 27), 1.7 , 45 , 63"
JP1_566926199,"ドラフト / L / 27:26
MID / ガリオ
0 / 1 / 2 (4 / 24 / 7), 6.5 , 178 , 23"
JP1_566920086,"ドラフト / L / 49:16
MID / ガリオ
8 / 7 / 27 (57 / 50 / 125), 5.0 , 249 , 53"
JP1_566915730,"ドラフト / L / 17:30
MID / リサンドラ
0 / 2 / 0 (2 / 19 / 0), 5.6 , 98 , 16"
JP1_566911312,"ドラフト / L / 25:19
MID / リサンドラ
1 / 6 / 1 (12 / 39 / 19), 5.0 , 126 , 16"
JP1_566905385,"ドラフト / W / 23:05
MID / リサンドラ
1 / 6 / 3 (27 / 21 / 18), 4.0 , 92 , 23"
JP1_566899555,"ドラフト / L / 22:15
SUP / ブラウム
2 / 7 / 1 (8 / 27 / 6), 1.7 , 38 , 39"
JP1_566455920,"ドラフト / L / 27:33
MID / アーリ
0 / 4 / 0 (11 / 27 / 12), 5.7 , 157 , 20"
JP1_566451333,"ドラフト / W / 28:52
MID / アーリ
5 / 2 / 5 (48 / 14 / 40), 5.5 , 158 , 40"
JP1_566443929,"ドラフト / L / 32:20
MID / リサンドラ
1 / 9 / 7 (13 / 31 / 24), 3.8 , 122 , 28"
JP1_566437391,"ドラフト / L / 29:17
MID / ガリオ
2 / 7 / 3 (13 / 26 / 18), 4.9 , 143 , 20"
JP1_566426768,"ドラフト / W / 39:46
MID / ガリオ
3 / 7 / 14 (37 / 24 / 64), 5.0 , 198 , 65"
JP1_566422294,"ドラフト / W / 13:48
MID / ガリオ
0 / 1 / 2 (6 / 4 / 9), 5.3 , 73 , 4"
JP1_566240791,"ランク / L / 30:48
SUP / ブラウム
3 / 4 / 8 (29 / 21 / 42), 1.2 , 36 , 52"
JP1_566231483,"ランク / L / 37:44
SUP / ジャンナ
2 / 11 / 3 (14 / 34 / 11), 0.8 , 31 , 79"
JP1_565857122,"ランク / L / 25:32
SUP / レオナ
2 / 10 / 5 (15 / 37 / 16), 1.0 , 25 , 54"
JP1_565846622,"ランク / L / 33:29
SUP / ブラウム
1 / 13 / 15 (28 / 45 / 44), 0.9 , 31 , 63"
JP1_565500563,"ドラフト / L / 37:46
MID / ガリオ
1 / 8 / 9 (21 / 46 / 23), 5.4 , 204 , 39"
JP1_565494732,"ドラフト / W / 28:44
MID / ガリオ
3 / 0 / 10 (28 / 16 / 31), 5.8 , 168 , 37"
JP1_565486188,"ドラフト / L / 44:24
MID / ガリオ
3 / 7 / 12 (33 / 40 / 63), 4.6 , 203 , 47"
JP1_565478949,"ドラフト / L / 25:56
MID / ガリオ
2 / 4 / 2 (13 / 26 / 17), 6.5 , 168 , 30"
JP1_565469793,"ドラフト / W / 33:38
MID / ガリオ
2 / 3 / 10 (40 / 15 / 51), 5.3 , 177 , 42"
JP1_565278528,"ドラフト / L / 29:23
MID / ガリオ
0 / 5 / 5 (13 / 29 / 15), 6.8 , 200 , 28"
JP1_565274830,"ドラフト / L / 20:19
SUP / ジャンナ
0 / 5 / 2 (8 / 27 / 5), 1.6 , 33 , 41"
JP1_565268387,"ドラフト / L / 45:17
MID / ガリオ
5 / 8 / 20 (38 / 44 / 72), 3.6 , 165 , 55"
JP1_565262355,"ドラフト / W / 27:55
MID / ガリオ
5 / 6 / 14 (29 / 23 / 53), 4.3 , 121 , 25"
JP1_565255810,"ドラフト / W / 21:39
MID / ガリオ
6 / 1 / 8 (21 / 3 / 26), 4.4 , 95 , 23"
JP1_565251699,"ドラフト / W / 15:26
MID / ガリオ
1 / 0 / 3 (14 / 0 / 15), 5.3 , 82 , 18"
JP1_565241192,"ドラフト / W / 36:28
MID / ガリオ
4 / 8 / 25 (43 / 30 / 101), 4.2 , 154 , 44"
JP1_565220687,"ランク / W / 42:21
SUP / ブラウム
1 / 4 / 16 (31 / 14 / 52), 0.7 , 31 , 96"
JP1_565208717,"ランク / L / 32:53
SUP / モルガナ
1 / 7 / 4 (17 / 26 / 19), 2.1 , 68 , 72"
JP1_565038384,"ドラフト / L / 34:26
SUP / セラフィーン
2 / 8 / 13 (28 / 45 / 28), 0.8 , 27 , 60"
JP1_565034397,"ドラフト / W / 36:53
SUP / ブラウム
1 / 6 / 26 (34 / 32 / 64), 1.0 , 37 , 58"
JP1_565029333,"ドラフト / L / 28:16
MID / アーリ
1 / 5 / 2 (13 / 27 / 13), 4.7 , 134 , 37"
JP1_565019511,"ドラフト / L / 41:43
MID / アーリ
7 / 4 / 5 (26 / 24 / 43), 5.5 , 231 , 66"
JP1_564603868,"ドラフト / W / 30:03
SUP / ブラウム
4 / 4 / 5 (24 / 17 / 42), 1.6 , 47 , 76"
JP1_564388546,"ドラフト / W / 28:48
MID / ガリオ
2 / 4 / 6 (23 / 22 / 25), 5.4 , 155 , 27"
JP1_564380129,"ドラフト / L / 28:48
SUP / ジャンナ
0 / 11 / 9 (16 / 38 / 35), 1.1 , 32 , 37"
JP1_564369314,"ドラフト / L / 33:52
MID / ガリオ
4 / 5 / 6 (29 / 23 / 35), 5.3 , 178 , 52"
JP1_564362225,"ドラフト / L / 22:43
MID / ガリオ
0 / 5 / 0 (1 / 26 / 1), 4.2 , 95 , 26"
JP1_564162784,"ドラフト / L / 28:45
SUP / ジャンナ
1 / 9 / 9 (24 / 45 / 23), 1.1 , 31 , 37"
JP1_564162368,"ドラフト / L / 2:03
MID / ガリオ
0 / 0 / 0 (0 / 1 / 0), 1.9 , 4 , 0"
JP1_564134689,"ランク / W / 26:36
SUP / ジャンナ
1 / 2 / 19 (33 / 11 / 47), 0.9 , 25 , 55"
JP1_564121348,"ランク / L / 27:59
SUP / ジャンナ
1 / 8 / 9 (21 / 37 / 26), 0.9 , 25 , 52"
JP1_563945518,"ドラフト / L / 30:58
MID / アーリ
4 / 11 / 12 (21 / 33 / 34), 3.9 , 120 , 34"
JP1_563942520,"ドラフト / W / 3:28
MID / アーリ
0 / 0 / 0 (1 / 0 / 0), 3.2 , 11 , 1"
JP1_563722481,"ドラフト / W / 42:06
MID / ガリオ
3 / 3 / 8 (32 / 13 / 47), 4.3 , 182 , 34"
JP1_563454259,"ドラフト / L / 43:20
ADC / アッシュ
14 / 10 / 12 (41 / 46 / 54), 5.4 , 234 , 36"
JP1_563443540,"ドラフト / W / 43:18
SUP / ジャンナ
1 / 7 / 13 (31 / 20 / 30), 1.0 , 45 , 107"
JP1_563434325,"ドラフト / W / 34:31
TOP / マルファイト
2 / 7 / 9 (33 / 21 / 49), 3.7 , 129 , 36"
JP1_562777146,"ランク / W / 31:53
SUP / ジャンナ
0 / 6 / 6 (32 / 18 / 26), 1.2 , 39 , 76"
JP1_562593921,"ランク / W / 28:37
SUP / モルガナ
3 / 7 / 17 (33 / 31 / 53), 1.4 , 39 , 57"
JP1_562452962,"ドラフト / L / 23:52
MID / ヴァルス
0 / 9 / 2 (12 / 27 / 10), 4.8 , 115 , 22"
JP1_562450290,"ドラフト / L / 20:11
SUP / ジャンナ
1 / 7 / 3 (5 / 31 / 7), 1.5 , 31 , 34"
JP1_562444989,"ドラフト / L / 25:06
SUP / ブラウム
2 / 8 / 0 (5 / 36 / 7), 1.3 , 32 , 42"
JP1_562443461,"ドラフト / L / 23:24
SUP / ジャンナ
1 / 8 / 2 (8 / 35 / 6), 1.4 , 33 , 52"
JP1_562219273,"ランク / W / 31:55
SUP / ジャンナ
1 / 5 / 14 (24 / 19 / 45), 0.6 , 19 , 69"
JP1_562206272,"ドラフト / W / 28:29
SUP / ジャンナ
3 / 2 / 18 (36 / 17 / 39), 1.2 , 33 , 67"
JP1_562201894,"ドラフト / W / 3:21
SUP / ジャンナ
0 / 0 / 0 (1 / 2 / 0), 2.7 , 9 , 1"
JP1_562191667,"ドラフト / W / 30:47
SUP / ジャンナ
1 / 2 / 13 (32 / 10 / 43), 1.2 , 38 , 88"
JP1_562185060,"ランク / L / 15:14
SUP / ジャンナ
1 / 1 / 0 (4 / 21 / 2), 1.6 , 24 , 15"
JP1_562170066,"ランク / L / 32:07
SUP / ジャンナ
0 / 10 / 8 (18 / 30 / 29), 1.3 , 42 , 68"
JP1_561590103,"ドラフト / W / 20:23
SUP / ブラウム
2 / 4 / 9 (26 / 8 / 31), 1.6 , 32 , 30"
JP1_561581260,"ドラフト / L / 25:26
SUP / ジャンナ
1 / 10 / 9 (18 / 35 / 19), 1.4 , 35 , 49"
JP1_561571258,"ドラフト / L / 18:25
SUP / モルガナ
1 / 3 / 5 (6 / 24 / 12), 1.2 , 23 , 21"
JP1_561563671,"ドラフト / L / 16:02
SUP / ジャンナ
0 / 1 / 0 (0 / 12 / 0), 2.1 , 33 , 13"
JP1_561402837,"ランク / W / 42:12
SUP / ジャンナ
0 / 11 / 11 (27 / 37 / 36), 1.0 , 41 , 100"
JP1_561395742,"ドラフト / W / 18:32
SUP / ブラウム
0 / 4 / 1 (21 / 14 / 9), 2.2 , 40 , 32"
JP1_561382368,"ドラフト / L / 35:22
SUP / ジャンナ
1 / 3 / 5 (12 / 23 / 15), 1.2 , 44 , 74"
JP1_561015237,"ドラフト / W / 46:55
SUP / ブラウム
0 / 8 / 4 (27 / 35 / 19), 0.9 , 41 , 116"
JP1_561005601,"ドラフト / L / 27:49
SUP / ブラウム
1 / 8 / 2 (14 / 22 / 8), 1.0 , 29 , 39"
JP1_560998137,"ドラフト / L / 20:16
SUP / レオナ
1 / 12 / 2 (9 / 34 / 5), 0.7 , 14 , 23"
JP1_560983484,"ドラフト / L / 41:57
SUP / セラフィーン
4 / 12 / 19 (36 / 43 / 73), 1.2 , 50 , 97"
JP1_560953161,"ドラフト / W / 17:18
SUP / ナミ
0 / 3 / 2 (17 / 9 / 5), 1.2 , 21 , 19"
JP1_560945235,"ドラフト / L / 36:47
SUP / ブラウム
0 / 12 / 6 (20 / 34 / 29), 0.8 , 28 , 76"
JP1_560937860,"ドラフト / L / 21:52
SUP / ブラウム
1 / 10 / 2 (10 / 36 / 6), 1.4 , 30 , 36"
JP1_560924039,"ドラフト / L / 26:21
SUP / ブラウム
1 / 3 / 5 (15 / 21 / 16), 1.2 , 33 , 51"
JP1_560573025,"ドラフト / L / 30:39
SUP / セラフィーン
0 / 7 / 1 (14 / 27 / 8), 1.7 , 52 , 61"
JP1_560564814,"ドラフト / L / 27:48
SUP / セラフィーン
1 / 9 / 5 (15 / 38 / 14), 1.3 , 35 , 42"
JP1_560555990,"ドラフト / L / 30:51
SUP / モルガナ
3 / 11 / 3 (16 / 43 / 23), 1.6 , 49 , 54"
JP1_560549085,"ドラフト / L / 28:44
SUP / ブラウム
1 / 13 / 3 (14 / 38 / 15), 1.1 , 31 , 38"
JP1_560535317,"ドラフト / W / 32:15
SUP / ジャンナ
0 / 4 / 17 (24 / 14 / 51), 1.0 , 31 , 78"
JP1_560528224,"ドラフト / W / 19:19
SUP / ブラウム
2 / 2 / 7 (24 / 4 / 20), 1.1 , 21 , 29"
JP1_560516506,"ドラフト / L / 27:11
SUP / ジャンナ
2 / 5 / 7 (21 / 31 / 21), 1.4 , 38 , 56"
JP1_560501908,"ドラフト / L / 34:39
MID / ガリオ
0 / 9 / 15 (21 / 28 / 51), 4.2 , 146 , 38"
JP1_560365124,"ランク / L / 25:05
SUP / ブラウム
0 / 2 / 2 (4 / 24 / 5), 1.2 , 31 , 50"
JP1_560359757,"ランク / L / 24:06
SUP / ジャンナ
2 / 5 / 3 (9 / 23 / 11), 0.9 , 23 , 57"
JP1_560340242,"ドラフト / L / 27:44
SUP / ブラウム
2 / 8 / 5 (19 / 30 / 19), 1.1 , 30 , 52"
JP1_560329757,"ドラフト / W / 32:10
SUP / ジャンナ
1 / 7 / 18 (30 / 29 / 54), 0.9 , 30 , 87"
JP1_560317814,"ドラフト / L / 33:19
SUP / セラフィーン
2 / 8 / 5 (26 / 34 / 16), 2.0 , 67 , 65"
JP1_560144722,"ドラフト / L / 33:45
SUP / ジャンナ
1 / 7 / 1 (14 / 43 / 14), 1.4 , 47 , 64"
JP1_559929645,"ランク / L / 44:42
SUP / ブラウム
0 / 8 / 4 (17 / 26 / 27), 1.0 , 44 , 85"
JP1_559913431,"ランク / W / 31:38
SUP / ブラウム
0 / 6 / 15 (39 / 33 / 51), 0.9 , 29 , 63"
JP1_559904291,"ドラフト / L / 24:16
SUP / モルガナ
0 / 8 / 3 (12 / 32 / 11), 1.6 , 38 , 31"
JP1_559555065,"ドラフト / W / 40:41
SUP / ブラウム
2 / 8 / 15 (24 / 27 / 55), 1.1 , 46 , 63"
JP1_559306602,"ドラフト / W / 24:09
SUP / ブラウム
0 / 1 / 2 (25 / 5 / 15), 1.4 , 34 , 49"
JP1_559299127,"ドラフト / W / 36:40
SUP / セラフィーン
2 / 10 / 16 (46 / 29 / 57), 2.2 , 80 , 73"
JP1_559294070,"ドラフト / W / 16:44
SUP / セラフィーン
3 / 0 / 2 (21 / 4 / 15), 1.0 , 17 , 20"
JP1_559283591,"ドラフト / L / 36:08
SUP / セラフィーン
3 / 13 / 7 (12 / 50 / 20), 2.2 , 80 , 49"
JP1_559272336,"ドラフト / W / 31:59
SUP / セラフィーン
2 / 5 / 13 (30 / 23 / 42), 1.9 , 62 , 51"
JP1_559170201,"ランク / L / 24:38
SUP / ジャンナ
0 / 9 / 9 (20 / 42 / 31), 0.9 , 22 , 36"
JP1_559041013,"ドラフト / L / 3:22
SUP / ブラウム
0 / 0 / 0 (0 / 0 / 0), 0.6 , 2 , 1"
JP1_559031651,"ドラフト / L / 25:23
MID / オレリオン・ソル
0 / 9 / 1 (6 / 30 / 7), 4.2 , 107 , 13"
JP1_559022805,"ドラフト / L / 27:01
MID / モルガナ
1 / 9 / 1 (15 / 37 / 8), 4.2 , 112 , 26"
JP1_558820492,"ドラフト / L / 16:51
SUP / ジャンナ
2 / 4 / 0 (6 / 24 / 3), 1.4 , 24 , 26"
JP1_558815171,"ドラフト / L / 30:19
SUP / セラフィーン
1 / 6 / 0 (15 / 37 / 9), 1.7 , 51 , 42"
JP1_558410103,"ドラフト / L / 31:07
SUP / セラフィーン
2 / 15 / 6 (18 / 40 / 30), 1.4 , 45 , 46"
JP1_558400880,"ドラフト / W / 32:47
SUP / レオナ
4 / 5 / 14 (31 / 15 / 46), 1.3 , 43 , 51"
JP1_558394454,"ドラフト / L / 19:11
SUP / モルガナ
2 / 9 / 1 (8 / 29 / 3), 1.1 , 21 , 25"
JP1_558223025,"ドラフト / W / 25:27
SUP / セラフィーン
2 / 5 / 12 (33 / 20 / 43), 2.0 , 50 , 41"
JP1_558214951,"ドラフト / L / 37:02
JG / グウェン
3 / 7 / 2 (11 / 25 / 16), 5.5 , 203 , 45"
JP1_558212307,"ドラフト / L / 21:34
MID / セラフィーン
3 / 7 / 0 (8 / 23 / 6), 3.0 , 64 , 19"
JP1_558205061,"ドラフト / L / 25:47
JG / キンドレッド
0 / 7 / 0 (4 / 34 / 4), 5.9 , 151 , 22"
JP1_558085150,"ドラフト / L / 33:57
SUP / モルガナ
1 / 9 / 10 (24 / 41 / 34), 2.1 , 72 , 68"
JP1_557975900,"ドラフト / W / 26:40
SUP / モルガナ
2 / 5 / 9 (25 / 16 / 28), 1.8 , 49 , 50"
JP1_557700140,"ドラフト / L / 24:26
SUP / セラフィーン
2 / 7 / 1 (6 / 34 / 7), 1.2 , 30 , 25"
JP1_557691355,"ドラフト / L / 21:04
SUP / セラフィーン
0 / 6 / 1 (5 / 26 / 4), 1.9 , 39 , 31"
JP1_557674960,"ドラフト / L / 27:23
SUP / ジャンナ
2 / 11 / 8 (27 / 49 / 31), 1.3 , 35 , 35"
JP1_557658703,"ドラフト / W / 31:51
SUP / セラフィーン
3 / 9 / 12 (35 / 26 / 48), 1.6 , 51 , 58"
JP1_557642734,"ドラフト / L / 21:03
SUP / ラカン
0 / 7 / 4 (6 / 20 / 7), 1.5 , 32 , 36"
JP1_557430876,"ドラフト / L / 28:45
SUP / セラフィーン
3 / 9 / 5 (15 / 28 / 12), 1.7 , 48 , 44"
JP1_557419532,"ドラフト / L / 33:32
SUP / モルガナ
3 / 7 / 7 (16 / 32 / 22), 1.9 , 64 , 52"
JP1_557375160,"ドラフト / W / 23:46
SUP / セラフィーン
1 / 4 / 7 (37 / 12 / 26), 1.8 , 42 , 39"
JP1_556572228,"ランク / L / 30:06
SUP / ジャンナ
0 / 5 / 9 (20 / 28 / 28), 1.2 , 35 , 45"
