match_id,date,queue,win,role,champion,kills,deaths,assists,team_kills,team_deaths,team_assists,cs,vision_score,game_flow,memo,good_point,bad_point,next_theme
JP1_594648671,2026-07-27 01:21:51,ランク,W,SUP,モルガナ,3,9,30,50,41,95,57,124,,,,,
JP1_594642669,2026-07-27 00:43:02,ドラフト,W,SUP,セラフィーン,2,0,11,33,15,36,49,84,,,,,
JP1_594433929,2026-07-25 23:12:09,ランク,W,SUP,セラフィーン,1,5,25,42,21,53,49,105,,,,,
JP1_594423553,2026-07-25 22:30:57,ドラフト,W,SUP,セラフィーン,2,6,18,37,18,57,29,93,,,,,
JP1_594265922,2026-07-25 00:11:55,ドラフト,L,ADC,アッシュ,0,5,0,4,13,4,82,9,,,,,
JP1_594255355,2026-07-24 23:25:38,ドラフト,W,TOP,イラオイ,0,11,2,34,28,52,182,50,,,,,
JP1_593845205,2026-07-22 00:17:56,ランク,L,MID,ガリオ,2,7,4,17,32,17,181,34,,,,,
JP1_593840713,2026-07-22 00:04:35,ランク,L,SUP,ナミ,0,0,0,0,0,0,1,0,,,,,
JP1_593832544,2026-07-21 23:25:56,ランク,L,SUP,ナミ,0,5,10,16,34,25,33,74,,,,,
JP1_593822384,2026-07-21 22:44:36,ランク,L,SUP,モルガナ,1,7,7,21,40,27,58,73,,,,,
JP1_593814949,2026-07-21 22:18:59,ランク,W,SUP,ナミ,0,4,7,19,15,13,25,30,,,,,
JP1_593556897,2026-07-20 03:20:20,ランク,W,SUP,モルガナ,0,3,11,32,17,47,29,67,,,,,
JP1_593554309,2026-07-20 02:39:51,ランク,W,SUP,ナミ,2,4,27,39,28,68,29,105,,,,,
JP1_593270722,2026-07-18 18:59:14,ランク,L,SUP,ナミ,1,8,11,23,34,31,26,99,,,,,
JP1_593264876,2026-07-18 18:21:14,ランク,L,SUP,ナミ,0,8,8,23,33,28,30,100,,,,,
JP1_592986902,2026-07-16 23:06:28,ランク,W,SUP,ナミ,1,3,22,33,15,49,30,112,,,,,
JP1_592977857,2026-07-16 22:32:42,ランク,L,SUP,モルガナ,2,7,8,25,36,28,58,55,,,,,
JP1_592855756,2026-07-16 00:40:48,ランク,W,SUP,モルガナ,3,8,14,42,37,45,38,88,,,,,
JP1_592844137,2026-07-15 23:41:56,ランク,W,SUP,ナミ,2,8,29,54,34,84,23,86,,,,,
JP1_592833784,2026-07-15 22:58:44,ランク,W,SUP,ナミ,1,0,8,15,3,12,32,75,,,,,
JP1_592827787,2026-07-15 22:34:16,ランク,W,SUP,セラフィーン,1,1,5,14,4,15,19,32,,,,,
JP1_592709920,2026-07-14 23:36:35,ランク,W,SUP,ナミ,0,2,18,26,12,43,35,118,,,,,
JP1_592700375,2026-07-14 22:49:50,ランク,L,SUP,ナミ,0,10,13,26,44,31,31,103,,,,,
JP1_592594621,2026-07-14 01:02:29,ランク,W,SUP,ナミ,1,4,11,22,24,33,37,112,,,,,
JP1_592588648,2026-07-14 00:22:46,ランク,W,SUP,ナミ,3,3,13,25,20,41,26,82,,,,,
JP1_592582664,2026-07-13 23:51:38,ランク,W,SUP,ナミ,1,4,12,25,11,29,21,53,,,,,
JP1_592470895,2026-07-13 02:05:19,ランク,L,SUP,ナミ,0,7,2,7,28,6,28,53,,,,,
JP1_592468449,2026-07-13 01:29:17,ランク,L,SUP,ナミ,0,6,6,12,31,14,22,64,,,,,
JP1_592307679,2026-07-12 03:11:38,ランク,L,SUP,ナミ,0,8,10,19,43,26,28,84,,,,,
JP1_592306373,2026-07-12 02:46:15,ランク,L,TOP,オラフ,0,6,0,4,20,6,77,14,,,,,
JP1_592134035,2026-07-11 03:42:29,ドラフト,L,SUP,ナミ,1,4,15,27,39,56,50,155,,,,,
JP1_592130272,2026-07-11 03:06:21,ドラフト,L,MID,リサンドラ,3,7,0,15,37,16,126,25,,,,,
JP1_591847983,2026-07-09 02:55:25,ドラフト,W,SUP,ナミ,1,10,28,43,51,80,41,123,,,,,
JP1_591845835,2026-07-09 02:17:09,ドラフト,W,SUP,ラカン,1,5,13,30,21,44,36,77,,,,,
JP1_591434669,2026-07-06 02:03:51,ドラフト,W,SUP,ナミ,2,3,11,27,21,35,24,76,,,,,
JP1_591429144,2026-07-06 01:07:17,ドラフト,W,SUP,モルガナ,3,9,12,31,41,43,48,93,,,,,
JP1_591420730,2026-07-06 00:23:00,ドラフト,W,SUP,ミリオ,1,1,11,28,16,33,40,75,,,,,
JP1_591256919,2026-07-05 03:21:23,ドラフト,W,SUP,ナミ,3,2,13,26,11,34,32,64,,,,,
JP1_591064825,2026-07-04 03:01:40,ドラフト,L,SUP,ナミ,0,4,2,9,28,7,35,70,,,,,
JP1_590908218,2026-07-03 01:48:19,ドラフト,W,MID,ガリオ,2,4,16,40,14,52,153,36,,,,,
JP1_590617657,2026-07-01 00:21:19,ドラフト,W,SUP,ナミ,0,1,19,27,11,37,24,99,,,,,
JP1_590607790,2026-06-30 23:38:16,ドラフト,W,SUP,モルガナ,0,10,16,34,26,47,46,74,,,,,
JP1_590492429,2026-06-30 01:16:28,ドラフト,W,SUP,ナミ,1,6,21,36,23,48,35,116,,,,,
JP1_590484680,2026-06-30 00:34:32,ドラフト,W,SUP,ナミ,1,5,16,24,25,42,44,112,,,,,
JP1_589739996,2026-06-26 00:50:56,ランク,L,SUP,ナミ,0,2,3,10,26,9,22,29,,,,,
JP1_589731144,2026-06-26 00:06:40,ドラフト,W,SUP,セラフィーン,1,6,17,34,24,52,29,65,,,,,
JP1_589555264,2026-06-25 02:07:56,ドラフト,W,SUP,ザイラ,4,6,11,32,27,50,38,135,,,,,
JP1_589550525,2026-06-25 01:33:19,ドラフト,L,SUP,モルガナ,7,5,15,30,35,48,57,68,,,,,
JP1_589542931,2026-06-25 00:47:59,ドラフト,W,JG,ノクターン,1,11,12,35,41,55,183,15,,,,,
JP1_589536132,2026-06-25 00:08:31,ドラフト,L,ADC,ケイトリン,2,16,4,21,49,25,158,21,,,,,
JP1_589526185,2026-06-24 23:33:15,ドラフト,W,JG,ノクターン,8,3,10,36,19,59,190,20,,,,,
JP1_589508997,2026-06-24 22:39:11,ドラフト,W,SUP,モルガナ,3,3,10,29,15,44,60,88,,,,,
JP1_589230849,2026-06-23 01:16:06,ドラフト,L,SUP,モルガナ,3,2,2,9,15,7,22,33,,,,,
JP1_589224760,2026-06-23 00:38:08,ドラフト,W,SUP,モルガナ,4,8,14,42,39,48,58,85,,,,,
JP1_589223792,2026-06-23 00:29:33,ドラフト,L,SUP,セラフィーン,0,0,0,0,0,0,3,0,,,,,
JP1_588543292,2026-06-19 01:54:04,ドラフト,L,SUP,セラフィーン,2,11,11,20,38,29,23,43,,,,,
JP1_588538442,2026-06-19 01:14:50,ドラフト,L,SUP,セラフィーン,4,7,9,19,43,25,57,64,,,,,
JP1_588531273,2026-06-19 00:35:17,ドラフト,W,SUP,セナ,5,5,6,29,22,27,41,85,,,,,
JP1_588523467,2026-06-18 23:55:50,ドラフト,L,ADC,アッシュ,2,10,3,22,37,17,154,35,,,,,
JP1_588381904,2026-06-18 00:44:42,ランク,W,SUP,ブラウム,1,8,14,38,33,62,32,111,,,,,
JP1_588372720,2026-06-17 23:57:38,ドラフト,W,SUP,ラカン,0,2,10,21,10,34,42,78,,,,,
JP1_588241158,2026-06-17 01:58:55,ドラフト,W,MID,リサンドラ,4,6,7,36,16,39,143,23,,,,,
JP1_588237043,2026-06-17 01:30:07,ドラフト,L,SUP,モルガナ,1,5,4,9,26,10,51,62,,,,,
JP1_587939709,2026-06-15 03:10:28,ドラフト,L,JG,ノクターン,3,6,3,9,23,10,111,17,,,,,
JP1_587937088,2026-06-15 02:27:52,ドラフト,L,SUP,モルガナ,1,10,12,33,36,35,75,105,,,,,
JP1_587934023,2026-06-15 01:57:23,ドラフト,L,JG,ノクターン,1,6,7,12,30,16,109,13,,,,,
JP1_587930135,2026-06-15 01:27:22,ドラフト,L,JG,パンテオン,2,9,3,10,31,14,105,16,,,,,
JP1_587918620,2026-06-15 00:24:35,ドラフト,W,SUP,カルマ,2,6,16,32,17,39,45,80,,,,,
JP1_587909911,2026-06-14 23:46:55,ドラフト,L,ADC,アッシュ,13,7,5,24,40,27,186,28,,,,,
JP1_587717653,2026-06-14 01:41:53,ランク,L,SUP,モルガナ,3,9,8,29,35,37,99,87,,,,,
JP1_587705855,2026-06-14 00:52:58,ランク,W,SUP,モルガナ,3,2,18,40,25,50,62,78,,,,,
JP1_587697101,2026-06-14 00:14:23,ランク,W,SUP,ナミ,3,5,10,37,24,33,44,53,,,,,
JP1_587686624,2026-06-13 23:45:21,ドラフト,W,SUP,ジャンナ,0,0,2,14,2,7,23,23,,,,,
JP1_587676299,2026-06-13 23:05:32,ドラフト,L,SUP,ミリオ,0,5,5,13,27,19,31,66,,,,,
JP1_587147991,2026-06-11 01:08:14,ランク,L,SUP,レオナ,0,4,1,5,11,3,20,32,,,,,
JP1_587143693,2026-06-11 00:34:35,ランク,L,SUP,モルガナ,5,7,5,23,39,19,72,79,,,,,
JP1_587137971,2026-06-11 00:09:17,ランク,W,SUP,ナミ,1,1,17,30,6,30,23,52,,,,,
JP1_587124674,2026-06-10 23:27:53,ドラフト,W,SUP,モルガナ,4,1,14,32,13,39,71,66,,,,,
JP1_586988955,2026-06-10 00:49:00,ドラフト,W,ADC,アッシュ,6,6,10,30,16,46,145,35,,,,,
JP1_586313675,2026-06-06 02:58:51,ドラフト,W,SUP,モルガナ,3,3,11,20,24,31,64,100,,,,,
JP1_586308328,2026-06-06 02:15:04,ドラフト,L,ADC,アッシュ,9,10,12,36,43,59,194,37,,,,,
JP1_586125297,2026-06-04 23:49:14,ドラフト,W,SUP,ブラウム,2,4,28,42,24,96,36,78,,,,,
JP1_586089933,2026-06-04 21:40:04,ドラフト,L,SUP,セラフィーン,3,3,28,38,36,61,83,86,,,,,
JP1_586084566,2026-06-04 21:17:24,ドラフト,W,SUP,ミリオ,0,0,6,19,6,11,23,33,,,,,
JP1_585987767,2026-06-04 01:06:27,ランク,W,SUP,セラフィーン,1,3,14,43,21,47,42,95,,,,,
JP1_585981782,2026-06-04 00:31:09,ランク,L,SUP,モルガナ,3,12,5,20,41,27,58,63,,,,,
JP1_585973881,2026-06-03 23:53:57,ランク,L,SUP,ジャンナ,2,5,2,11,26,8,40,71,,,,,
JP1_585954953,2026-06-03 22:44:02,ドラフト,W,SUP,セラフィーン,6,4,20,42,23,49,74,84,,,,,
JP1_585779279,2026-06-02 22:49:11,ドラフト,W,SUP,ミリオ,3,4,21,37,29,67,65,107,,,,,
JP1_585641326,2026-06-01 23:56:06,ドラフト,W,SUP,モルガナ,4,9,14,31,38,44,63,96,,,,,
JP1_585630522,2026-06-01 23:20:26,ドラフト,W,SUP,セラフィーン,2,4,14,28,16,52,39,56,,,,,
JP1_585625679,2026-06-01 23:01:06,ドラフト,L,SUP,モルガナ,2,1,2,7,9,6,20,19,,,,,
JP1_585311976,2026-05-31 03:01:04,ドラフト,L,MID,ガリオ,2,11,9,23,42,40,129,43,,,,,
JP1_585305580,2026-05-31 02:13:41,ドラフト,L,JG,パンテオン,0,4,1,11,32,17,144,18,,,,,
JP1_584394437,2026-05-25 23:00:40,ドラフト,W,SUP,ラカン,0,0,9,23,2,16,16,40,,,,,
JP1_584269709,2026-05-25 01:55:47,ドラフト,W,SUP,レオナ,1,8,17,38,24,39,31,81,,,,,
JP1_584264807,2026-05-25 01:24:22,ドラフト,L,SUP,ナミ,2,5,7,13,22,23,25,59,,,,,
JP1_584246377,2026-05-24 23:49:25,ドラフト,W,SUP,モルガナ,2,3,14,35,18,31,55,60,,,,,
JP1_584062947,2026-05-24 03:13:39,ドラフト,L,TOP,イラオイ,1,11,1,7,43,9,172,22,,,,,
JP1_584057876,2026-05-24 02:41:52,ドラフト,W,ADC,アッシュ,2,6,10,25,24,41,128,24,,,,,
JP1_584009074,2026-05-23 23:19:04,ドラフト,L,SUP,ジャンナ,0,0,0,6,11,0,14,27,,,,,
JP1_583999160,2026-05-23 22:43:20,ドラフト,W,SUP,モルガナ,2,0,6,20,2,16,39,48,,,,,
JP1_583912007,2026-05-23 15:54:19,ドラフト,W,SUP,ナミ,2,7,20,30,36,42,51,100,,,,,
JP1_583830842,2026-05-23 02:25:24,ドラフト,L,SUP,モルガナ,4,5,14,25,34,35,56,68,,,,,
JP1_583647018,2026-05-22 01:29:23,ドラフト,W,SUP,ナミ,1,2,23,29,15,49,30,80,,,,,
JP1_583638626,2026-05-22 00:48:49,ドラフト,L,SUP,モルガナ,1,5,1,6,25,6,56,60,,,,,
JP1_583627479,2026-05-22 00:00:45,ドラフト,L,SUP,ナミ,0,4,8,17,34,18,29,81,,,,,
JP1_583619029,2026-05-21 23:22:44,ドラフト,L,SUP,セラフィーン,0,3,5,20,32,16,61,56,,,,,
JP1_583457881,2026-05-21 00:05:15,ドラフト,W,SUP,ジャンナ,0,0,0,11,4,1,24,29,,,,,
JP1_583454180,2026-05-20 23:43:50,ドラフト,L,SUP,ナミ,1,1,0,3,11,1,29,28,,,,,
JP1_583441601,2026-05-20 22:57:45,ドラフト,L,SUP,ナミ,1,7,12,29,31,41,32,97,,,,,
JP1_583304510,2026-05-20 01:25:45,ドラフト,W,SUP,ナミ,2,5,16,36,19,44,41,70,,,,,
JP1_583298302,2026-05-20 00:46:42,ドラフト,L,SUP,レナータ・グラスク,0,3,3,6,19,6,39,72,,,,,
JP1_583103270,2026-05-18 22:56:39,ドラフト,W,SUP,ナミ,5,7,16,32,37,53,54,125,,,,,
JP1_582335397,2026-05-15 01:35:56,ドラフト,L,SUP,セラフィーン,0,3,4,11,36,17,51,52,,,,,
JP1_582332415,2026-05-15 01:17:05,ドラフト,L,SUP,ナミ,0,1,0,2,11,1,14,12,,,,,
JP1_582317507,2026-05-15 00:05:48,ドラフト,W,SUP,セラフィーン,2,4,15,24,13,51,57,74,,,,,
JP1_582155249,2026-05-14 01:25:38,ドラフト,W,SUP,モルガナ,6,2,7,24,13,29,46,48,,,,,
JP1_581806456,2026-05-12 00:19:57,ドラフト,W,SUP,ブラウム,1,2,10,30,4,19,11,18,,,,,
JP1_581800511,2026-05-11 23:54:15,ドラフト,W,MID,ガリオ,0,1,1,18,4,16,102,7,,,,,
JP1_581790090,2026-05-11 23:14:30,ドラフト,L,MID,ガリオ,0,8,2,9,31,11,166,42,,,,,
JP1_581777636,2026-05-11 22:37:05,ドラフト,W,MID,ガリオ,4,7,14,27,30,50,137,36,,,,,
JP1_581767336,2026-05-11 21:53:13,ドラフト,W,MID,アニビア,1,6,7,37,25,72,131,40,,,,,
JP1_581640753,2026-05-11 00:04:01,ドラフト,W,SUP,ミリオ,0,0,7,14,3,14,18,21,,,,,
JP1_581439116,2026-05-10 01:54:24,ドラフト,L,SUP,ナミ,1,2,0,4,16,0,16,27,,,,,
JP1_581432017,2026-05-10 01:22:50,ドラフト,W,SUP,ナミ,4,1,16,37,7,37,29,40,,,,,
JP1_581415669,2026-05-10 00:26:16,ドラフト,L,SUP,ナミ,0,9,5,21,31,18,20,32,,,,,
JP1_581402157,2026-05-09 23:38:30,ドラフト,W,SUP,モルガナ,7,3,12,29,15,46,79,76,,,,,
JP1_581386479,2026-05-09 22:50:20,ドラフト,L,SUP,ジャンナ,0,10,20,33,33,65,32,109,,,,,
JP1_581373890,2026-05-09 22:13:25,ドラフト,W,SUP,モルガナ,5,3,18,47,18,42,54,70,,,,,
JP1_581341733,2026-05-09 20:00:11,ドラフト,L,SUP,ナミ,0,7,14,23,25,38,38,107,,,,,
JP1_581333309,2026-05-09 19:10:28,ドラフト,W,SUP,ナミ,1,4,8,17,19,25,29,118,,,,,
JP1_581216478,2026-05-09 02:17:27,ドラフト,W,SUP,ナミ,2,5,21,32,28,63,25,94,,,,,
JP1_581207839,2026-05-09 01:38:25,ドラフト,W,SUP,モルガナ,1,5,25,45,27,80,40,105,,,,,
JP1_581197907,2026-05-09 00:58:58,ドラフト,W,SUP,セラフィーン,4,5,17,36,26,41,31,99,,,,,
JP1_581193573,2026-05-09 00:37:55,ドラフト,L,SUP,ミリオ,1,2,0,1,9,1,12,16,,,,,
JP1_581034202,2026-05-08 01:48:31,ドラフト,W,SUP,ミリオ,1,0,3,20,7,9,22,31,,,,,
JP1_581027545,2026-05-08 01:02:52,ドラフト,L,SUP,ミリオ,1,3,4,11,22,19,47,77,,,,,
JP1_581018990,2026-05-08 00:23:29,ドラフト,W,SUP,ミリオ,1,4,10,20,23,26,51,87,,,,,
JP1_580864240,2026-05-07 01:30:56,ランク,L,SUP,ナミ,0,9,11,27,41,33,39,87,,,,,
JP1_580855519,2026-05-07 00:42:16,ドラフト,L,SUP,ナミ,3,8,22,45,43,77,31,114,,,,,
JP1_580843375,2026-05-06 23:44:04,ドラフト,W,SUP,ナミ,1,5,24,46,21,79,34,84,,,,,
JP1_580766692,2026-05-06 18:13:52,ドラフト,L,SUP,ミリオ,1,3,6,10,26,14,36,80,,,,,
JP1_580765194,2026-05-06 18:05:08,ドラフト,W,SUP,ミリオ,0,0,0,2,0,3,1,0,,,,,
JP1_580756373,2026-05-06 17:22:30,ドラフト,W,SUP,ミリオ,3,1,19,47,15,56,32,81,,,,,
JP1_580744748,2026-05-06 16:28:42,ドラフト,W,SUP,ナミ,3,3,20,35,15,33,22,60,,,,,
JP1_580666865,2026-05-06 03:16:57,ランク,L,SUP,ナミ,0,7,1,3,30,3,26,76,,,,,
JP1_580657909,2026-05-06 02:32:40,ランク,L,SUP,ナミ,0,4,7,19,30,24,32,90,,,,,
JP1_580656938,2026-05-06 02:23:28,ドラフト,W,SUP,ジャンナ,0,0,0,0,0,0,1,0,,,,,
JP1_580651266,2026-05-06 01:48:28,ドラフト,W,SUP,ジャンナ,0,1,3,21,11,9,29,43,,,,,
JP1_580639352,2026-05-06 00:52:33,ドラフト,W,MID,ガリオ,2,6,14,36,51,57,236,72,,,,,
JP1_580543013,2026-05-05 17:43:06,ドラフト,W,SUP,ナミ,0,3,13,27,15,42,26,49,,,,,
JP1_580019330,2026-05-03 00:36:42,ランク,W,SUP,ナミ,1,1,6,22,7,20,19,46,,,,,
JP1_580006635,2026-05-02 23:51:09,ランク,L,SUP,ナミ,0,5,3,6,18,6,34,60,,,,,
JP1_579981367,2026-05-02 22:15:10,ランク,L,SUP,ナミ,0,8,8,14,37,23,29,74,,,,,
JP1_579969592,2026-05-02 21:29:49,ドラフト,W,SUP,セラフィーン,1,4,7,21,11,26,33,53,,,,,
JP1_579635375,2026-05-01 01:39:42,ドラフト,L,SUP,ナミ,0,6,10,14,32,24,31,81,,,,,
JP1_579627931,2026-05-01 01:01:34,ランク,W,SUP,ナミ,3,1,10,25,13,32,29,63,,,,,
JP1_579621170,2026-05-01 00:24:48,ランク,L,SUP,ナミ,1,10,8,28,38,30,31,78,,,,,
JP1_579608034,2026-04-30 23:37:10,ランク,L,SUP,ナミ,0,12,9,36,51,32,32,81,,,,,
JP1_579596244,2026-04-30 22:58:06,ドラフト,W,SUP,ナミ,3,1,15,35,11,29,39,85,,,,,
JP1_579462254,2026-04-30 03:29:33,ドラフト,L,SUP,ナミ,3,6,11,14,36,16,22,53,,,,,
JP1_579457423,2026-04-30 02:54:07,ドラフト,L,SUP,ナミ,1,7,1,9,29,7,35,63,,,,,
JP1_579453884,2026-04-30 02:20:58,ドラフト,W,SUP,ナミ,3,3,22,41,6,47,25,67,,,,,
JP1_579447985,2026-04-30 01:42:01,ドラフト,L,SUP,ナミ,0,10,12,20,38,36,21,70,,,,,
JP1_579440772,2026-04-30 01:03:17,ドラフト,L,SUP,レナータ・グラスク,0,5,9,19,27,22,31,94,,,,,
JP1_579432372,2026-04-30 00:19:47,ドラフト,L,SUP,ナミ,0,7,4,13,38,13,28,65,,,,,
JP1_579416870,2026-04-29 23:29:53,ドラフト,L,SUP,ナミ,3,9,25,41,40,77,33,103,,,,,
JP1_579407735,2026-04-29 22:59:49,ドラフト,W,SUP,ナミ,1,2,7,20,8,28,31,58,,,,,
JP1_579400791,2026-04-29 22:38:22,ドラフト,W,SUP,ナミ,1,0,13,15,1,23,15,28,,,,,
JP1_579395267,2026-04-29 22:17:44,ドラフト,W,SUP,ナミ,0,3,8,12,5,12,12,25,,,,,
JP1_579226714,2026-04-29 03:28:56,ドラフト,W,SUP,ナミ,1,7,13,33,27,49,32,96,,,,,
JP1_579223662,2026-04-29 02:58:50,ドラフト,W,SUP,ナミ,0,2,9,14,8,23,36,65,,,,,
JP1_579219440,2026-04-29 02:29:43,ドラフト,W,SUP,ナミ,0,4,9,25,17,28,28,43,,,,,
JP1_579211581,2026-04-29 01:38:43,ドラフト,W,SUP,ナミ,0,5,17,29,23,40,39,107,,,,,
JP1_579201885,2026-04-29 00:58:54,ドラフト,L,SUP,ナミ,2,7,7,13,31,19,24,71,,,,,
JP1_579194910,2026-04-29 00:31:32,ドラフト,W,SUP,ナミ,0,1,10,24,5,26,26,44,,,,,
JP1_579189371,2026-04-29 00:04:20,ドラフト,W,SUP,ナミ,4,0,10,24,5,24,28,51,,,,,
JP1_579180923,2026-04-28 23:37:27,ドラフト,W,SUP,ナミ,3,0,5,23,6,30,19,38,,,,,
JP1_579172983,2026-04-28 23:09:10,ドラフト,L,SUP,ミリオ,0,2,10,11,22,17,26,45,,,,,
JP1_579027880,2026-04-27 23:59:25,ドラフト,W,SUP,セラフィーン,2,4,10,38,18,28,66,54,,,,,
JP1_579028071,2026-04-27 23:49:35,ドラフト,L,SUP,ナミ,0,0,0,1,0,0,2,0,,,,,
JP1_579013195,2026-04-27 22:55:34,ドラフト,W,SUP,セラフィーン,0,7,10,22,18,32,60,82,,,,,
JP1_578997522,2026-04-27 22:04:13,ドラフト,W,SUP,ナミ,0,2,25,31,13,52,35,84,,,,,
JP1_578476145,2026-04-25 02:49:02,ドラフト,L,SUP,ナミ,1,9,17,33,46,44,29,62,,,,,
JP1_578468053,2026-04-25 02:03:56,ドラフト,W,SUP,ナミ,1,11,34,59,47,103,40,94,,,,,
JP1_578464123,2026-04-25 01:37:00,ドラフト,W,SUP,ナミ,0,1,11,25,13,18,20,62,,,,,
JP1_578288222,2026-04-24 00:33:59,ドラフト,W,SUP,ナミ,3,8,25,46,17,61,39,84,,,,,
JP1_578287219,2026-04-24 00:22:46,ドラフト,L,SUP,セラフィーン,0,0,0,0,0,0,0,1,,,,,
JP1_578282787,2026-04-24 00:12:54,ドラフト,L,ADC,アッシュ,0,1,0,0,2,0,5,1,,,,,
JP1_578259022,2026-04-23 22:36:03,ドラフト,W,SUP,ナミ,3,4,21,37,23,65,46,77,,,,,
JP1_576467771,2026-04-14 00:58:57,ドラフト,W,SUP,ナミ,0,0,0,0,0,0,4,0,,,,,
JP1_576458828,2026-04-14 00:09:08,ドラフト,L,SUP,レナータ・グラスク,2,5,19,35,38,66,60,95,,,,,
JP1_576327611,2026-04-13 01:48:02,ドラフト,L,SUP,ジャンナ,1,4,3,10,36,9,32,56,,,,,
JP1_576325295,2026-04-13 01:17:58,ドラフト,L,MID,ゼラス,1,6,0,10,27,8,109,9,,,,,
JP1_576319447,2026-04-13 00:41:20,ドラフト,L,MID,ガリオ,2,5,1,8,28,13,174,33,,,,,
JP1_575707395,2026-04-09 23:18:06,ドラフト,L,SUP,ナミ,3,5,25,36,40,50,26,79,,,,,
JP1_575702176,2026-04-09 22:52:44,ドラフト,L,SUP,ナミ,0,1,0,3,19,0,36,26,,,,,
JP1_575694619,2026-04-09 22:27:45,ドラフト,W,SUP,ナミ,1,2,9,24,10,18,26,37,,,,,
JP1_575415436,2026-04-08 01:10:31,ドラフト,W,SUP,ナミ,2,5,24,51,35,56,39,72,,,,,
JP1_575408426,2026-04-08 00:29:19,ドラフト,W,SUP,ナミ,3,4,12,29,22,43,40,69,,,,,
JP1_574646365,2026-04-04 04:36:31,ドラフト,L,MID,ガリオ,5,6,2,29,39,44,259,36,,,,,
JP1_574643792,2026-04-04 04:16:32,ドラフト,L,MID,ゼラス,0,6,0,4,21,4,59,22,,,,,
JP1_573284837,2026-03-28 04:24:43,ドラフト,L,SUP,ナミ,0,9,1,5,35,4,25,77,,,,,
JP1_573281218,2026-03-28 03:38:31,ドラフト,W,SUP,セラフィーン,4,6,11,28,18,45,39,87,,,,,
JP1_573278329,2026-03-28 03:17:50,ドラフト,W,SUP,ナミ,0,2,0,13,4,2,22,33,,,,,
JP1_573273484,2026-03-28 02:43:19,ドラフト,L,SUP,ナミ,2,6,7,15,24,20,22,72,,,,,
JP1_573268221,2026-03-28 02:15:18,ドラフト,L,SUP,レオナ,0,7,3,11,30,9,27,42,,,,,
JP1_572855462,2026-03-25 23:18:12,ドラフト,W,SUP,ナミ,2,4,9,29,11,30,26,59,,,,,
JP1_572674957,2026-03-25 00:01:49,ドラフト,W,MID,ガリオ,1,2,4,27,6,28,216,27,,,,,
JP1_572665729,2026-03-24 23:25:16,ドラフト,L,MID,ガリオ,1,8,4,12,29,16,197,34,,,,,
JP1_572659558,2026-03-24 23:02:52,ドラフト,W,MID,ガリオ,1,1,0,9,5,6,101,19,,,,,
JP1_572648821,2026-03-24 22:26:26,ドラフト,L,MID,ヴェル＝コズ,4,9,1,15,35,10,149,37,,,,,
JP1_572504153,2026-03-24 00:56:18,ドラフト,L,SUP,ナミ,1,11,16,39,48,50,53,130,,,,,
JP1_572497339,2026-03-24 00:29:29,ドラフト,W,SUP,ナミ,4,3,3,21,8,20,26,51,,,,,
JP1_572305502,2026-03-22 23:51:11,ドラフト,L,SUP,レナータ・グラスク,1,7,2,12,32,11,39,68,,,,,
JP1_572099879,2026-03-22 01:04:36,ドラフト,W,SUP,レナータ・グラスク,2,4,15,34,14,36,33,39,,,,,
JP1_571908469,2026-03-21 02:55:49,ドラフト,W,SUP,ナミ,0,1,11,28,9,31,44,67,,,,,
JP1_571276922,2026-03-18 00:07:07,ドラフト,L,SUP,ナミ,3,6,16,40,35,53,35,107,,,,,
JP1_571266562,2026-03-17 23:24:05,ドラフト,W,MID,アーリ,2,4,4,20,14,36,157,27,,,,,
JP1_571124937,2026-03-17 02:00:50,ドラフト,L,SUP,ブラウム,1,7,3,29,25,10,20,79,,,,,
JP1_571123224,2026-03-17 01:33:08,ドラフト,W,SUP,ナミ,1,1,6,13,9,14,28,37,,,,,
JP1_571095396,2026-03-16 23:28:09,ドラフト,L,SUP,セラフィーン,4,1,0,4,16,6,39,27,,,,,
JP1_570949791,2026-03-16 01:32:22,ドラフト,L,MID,ゼラス,4,8,8,34,32,59,157,43,,,,,
JP1_570516971,2026-03-14 01:43:49,ドラフト,W,SUP,ナミ,0,11,23,34,63,46,41,85,,,,,
JP1_570511965,2026-03-14 01:19:35,ドラフト,L,MID,ゼラス,2,3,0,10,15,11,102,25,,,,,
JP1_570319449,2026-03-12 23:45:27,ドラフト,L,SUP,レオナ,1,10,7,19,39,24,40,83,,,,,
JP1_570307638,2026-03-12 23:02:09,ドラフト,L,SUP,ナミ,2,4,6,12,27,14,36,46,,,,,
JP1_570301929,2026-03-12 22:42:59,ドラフト,L,SUP,ナミ,1,3,2,6,15,5,25,18,,,,,
JP1_570170572,2026-03-12 01:39:10,ドラフト,L,SUP,セラフィーン,0,6,4,7,23,16,45,57,,,,,
JP1_570161289,2026-03-12 00:43:21,ドラフト,W,MID,ガリオ,2,4,7,29,29,40,249,62,,,,,
JP1_570153213,2026-03-12 00:04:25,ドラフト,L,MID,アーリ,1,9,1,18,24,19,181,44,,,,,
JP1_570132990,2026-03-11 22:54:02,ドラフト,W,SUP,ジャンナ,2,5,22,33,24,59,37,73,,,,,
JP1_569422334,2026-03-08 02:01:53,ドラフト,W,MID,ゼラス,9,4,14,37,25,61,177,51,,,,,
JP1_568318493,2026-03-02 02:18:59,ドラフト,L,SUP,ザイラ,0,3,0,3,18,2,28,23,,,,,
JP1_567132238,2026-02-24 01:40:38,ランク,L,SUP,モルガナ,2,9,11,31,45,42,57,79,,,,,
JP1_567113669,2026-02-24 00:10:31,ドラフト,W,SUP,ナミ,1,5,18,35,25,40,31,72,,,,,
JP1_567105103,2026-02-23 23:33:47,ドラフト,L,SUP,モルガナ,2,8,2,8,28,6,40,79,,,,,
JP1_567087882,2026-02-23 22:40:54,ドラフト,L,SUP,モルガナ,6,13,13,33,43,47,108,107,,,,,
JP1_567076263,2026-02-23 21:58:56,ドラフト,L,TOP,マルファイト,1,8,2,23,32,20,144,42,,,,,
JP1_567036820,2026-02-23 19:21:48,ドラフト,L,SUP,ジャンナ,0,3,2,12,22,8,41,58,,,,,
JP1_567011863,2026-02-23 17:17:13,ランク,W,SUP,ジャンナ,0,2,10,23,7,27,45,63,,,,,
JP1_566926199,2026-02-23 04:22:01,ドラフト,L,MID,ガリオ,0,1,2,4,24,7,178,23,,,,,
JP1_566920086,2026-02-23 03:23:51,ドラフト,L,MID,ガリオ,8,7,27,57,50,125,249,53,,,,,
JP1_566915730,2026-02-23 02:58:18,ドラフト,L,MID,リサンドラ,0,2,0,2,19,0,98,16,,,,,
JP1_566911312,2026-02-23 02:29:21,ドラフト,L,MID,リサンドラ,1,6,1,12,39,19,126,16,,,,,
JP1_566905385,2026-02-23 01:59:09,ドラフト,W,MID,リサンドラ,1,6,3,27,21,18,92,23,,,,,
JP1_566899555,2026-02-23 01:32:08,ドラフト,L,SUP,ブラウム,2,7,1,8,27,6,38,39,,,,,
JP1_566455920,2026-02-21 03:34:36,ドラフト,L,MID,アーリ,0,4,0,11,27,12,157,20,,,,,
JP1_566451333,2026-02-21 02:57:13,ドラフト,W,MID,アーリ,5,2,5,48,14,40,158,40,,,,,
JP1_566443929,2026-02-21 02:19:01,ドラフト,L,MID,リサンドラ,1,9,7,13,31,24,122,28,,,,,
JP1_566437391,2026-02-21 01:41:10,ドラフト,L,MID,ガリオ,2,7,3,13,26,18,143,20,,,,,
JP1_566426768,2026-02-21 00:57:47,ドラフト,W,MID,ガリオ,3,7,14,37,24,64,198,65,,,,,
JP1_566422294,2026-02-21 00:39:52,ドラフト,W,MID,ガリオ,0,1,2,6,4,9,73,4,,,,,
JP1_566240791,2026-02-20 01:21:13,ランク,L,SUP,ブラウム,3,4,8,29,21,42,36,52,,,,,
JP1_566231483,2026-02-20 00:33:10,ランク,L,SUP,ジャンナ,2,11,3,14,34,11,31,79,,,,,
JP1_565857122,2026-02-18 00:37:38,ランク,L,SUP,レオナ,2,10,5,15,37,16,25,54,,,,,
JP1_565846622,2026-02-17 23:58:39,ランク,L,SUP,ブラウム,1,13,15,28,45,44,31,63,,,,,
JP1_565500563,2026-02-16 02:24:16,ドラフト,L,MID,ガリオ,1,8,9,21,46,23,204,39,,,,,
JP1_565494732,2026-02-16 01:47:19,ドラフト,W,MID,ガリオ,3,0,10,28,16,31,168,37,,,,,
JP1_565486188,2026-02-16 00:56:43,ドラフト,L,MID,ガリオ,3,7,12,33,40,63,203,47,,,,,
JP1_565478949,2026-02-16 00:26:20,ドラフト,L,MID,ガリオ,2,4,2,13,26,17,168,30,,,,,
JP1_565469793,2026-02-15 23:48:44,ドラフト,W,MID,ガリオ,2,3,10,40,15,51,177,42,,,,,
JP1_565278528,2026-02-15 04:17:17,ドラフト,L,MID,ガリオ,0,5,5,13,29,15,200,28,,,,,
JP1_565274830,2026-02-15 03:53:01,ドラフト,L,SUP,ジャンナ,0,5,2,8,27,5,33,41,,,,,
JP1_565268387,2026-02-15 02:59:46,ドラフト,L,MID,ガリオ,5,8,20,38,44,72,165,55,,,,,
JP1_565262355,2026-02-15 02:26:42,ドラフト,W,MID,ガリオ,5,6,14,29,23,53,121,25,,,,,
JP1_565255810,2026-02-15 02:00:09,ドラフト,W,MID,ガリオ,6,1,8,21,3,26,95,23,,,,,
JP1_565251699,2026-02-15 01:39:16,ドラフト,W,MID,ガリオ,1,0,3,14,0,15,82,18,,,,,
JP1_565241192,2026-02-15 00:56:51,ドラフト,W,MID,ガリオ,4,8,25,43,30,101,154,44,,,,,
JP1_565220687,2026-02-14 23:52:26,ランク,W,SUP,ブラウム,1,4,16,31,14,52,31,96,,,,,
JP1_565208717,2026-02-14 23:14:55,ランク,L,SUP,モルガナ,1,7,4,17,26,19,68,72,,,,,
JP1_565038384,2026-02-14 04:19:58,ドラフト,L,SUP,セラフィーン,2,8,13,28,45,28,27,60,,,,,
JP1_565034397,2026-02-14 03:37:53,ドラフト,W,SUP,ブラウム,1,6,26,34,32,64,37,58,,,,,
JP1_565029333,2026-02-14 03:03:31,ドラフト,L,MID,アーリ,1,5,2,13,27,13,134,37,,,,,
JP1_565019511,2026-02-14 02:08:36,ドラフト,L,MID,アーリ,7,4,5,26,24,43,231,66,,,,,
JP1_564603868,2026-02-12 00:20:03,ドラフト,W,SUP,ブラウム,4,4,5,24,17,42,47,76,,,,,
JP1_564388546,2026-02-11 03:05:03,ドラフト,W,MID,ガリオ,2,4,6,23,22,25,155,27,,,,,
JP1_564380129,2026-02-11 02:14:02,ドラフト,L,SUP,ジャンナ,0,11,9,16,38,35,32,37,,,,,
JP1_564369314,2026-02-11 01:33:21,ドラフト,L,MID,ガリオ,4,5,6,29,23,35,178,52,,,,,
JP1_564362225,2026-02-11 01:01:41,ドラフト,L,MID,ガリオ,0,5,0,1,26,1,95,26,,,,,
JP1_564162784,2026-02-10 01:49:32,ドラフト,L,SUP,ジャンナ,1,9,9,24,45,23,31,37,,,,,
JP1_564162368,2026-02-10 01:42:29,ドラフト,L,MID,ガリオ,0,0,0,0,1,0,4,0,,,,,
JP1_564134689,2026-02-09 23:44:10,ランク,W,SUP,ジャンナ,1,2,19,33,11,47,25,55,,,,,
JP1_564121348,2026-02-09 23:00:28,ランク,L,SUP,ジャンナ,1,8,9,21,37,26,25,52,,,,,
JP1_563945518,2026-02-09 00:27:49,ドラフト,L,MID,アーリ,4,11,12,21,33,34,120,34,,,,,
JP1_563942520,2026-02-09 00:16:42,ドラフト,W,MID,アーリ,0,0,0,1,0,0,11,1,,,,,
JP1_563722481,2026-02-08 04:04:43,ドラフト,W,MID,ガリオ,3,3,8,32,13,47,182,34,,,,,
JP1_563454259,2026-02-07 03:13:11,ドラフト,L,ADC,アッシュ,14,10,12,41,46,54,234,36,,,,,
JP1_563443540,2026-02-07 02:19:42,ドラフト,W,SUP,ジャンナ,1,7,13,31,20,30,45,107,,,,,
JP1_563434325,2026-02-07 01:37:36,ドラフト,W,TOP,マルファイト,2,7,9,33,21,49,129,36,,,,,
JP1_562777146,2026-02-03 23:04:49,ランク,W,SUP,ジャンナ,0,6,6,32,18,26,39,76,,,,,
JP1_562593921,2026-02-02 23:21:38,ランク,W,SUP,モルガナ,3,7,17,33,31,53,39,57,,,,,
JP1_562452962,2026-02-02 03:08:17,ドラフト,L,MID,ヴァルス,0,9,2,12,27,10,115,22,,,,,
JP1_562450290,2026-02-02 02:41:55,ドラフト,L,SUP,ジャンナ,1,7,3,5,31,7,31,34,,,,,
JP1_562444989,2026-02-02 02:09:57,ドラフト,L,SUP,ブラウム,2,8,0,5,36,7,32,42,,,,,
JP1_562443461,2026-02-02 01:41:49,ドラフト,L,SUP,ジャンナ,1,8,2,8,35,6,33,52,,,,,
JP1_562219273,2026-02-01 02:22:13,ランク,W,SUP,ジャンナ,1,5,14,24,19,45,19,69,,,,,
JP1_562206272,2026-02-01 01:20:54,ドラフト,W,SUP,ジャンナ,3,2,18,36,17,39,33,67,,,,,
JP1_562201894,2026-02-01 01:09:32,ドラフト,W,SUP,ジャンナ,0,0,0,1,2,0,9,1,,,,,
JP1_562191667,2026-02-01 00:29:37,ドラフト,W,SUP,ジャンナ,1,2,13,32,10,43,38,88,,,,,
JP1_562185060,2026-02-01 00:03:50,ランク,L,SUP,ジャンナ,1,1,0,4,21,2,24,15,,,,,
JP1_562170066,2026-01-31 23:15:28,ランク,L,SUP,ジャンナ,0,10,8,18,30,29,42,68,,,,,
JP1_561590103,2026-01-29 00:36:39,ドラフト,W,SUP,ブラウム,2,4,9,26,8,31,32,30,,,,,
JP1_561581260,2026-01-29 00:02:45,ドラフト,L,SUP,ジャンナ,1,10,9,18,35,19,35,49,,,,,
JP1_561571258,2026-01-28 23:26:47,ドラフト,L,SUP,モルガナ,1,3,5,6,24,12,23,21,,,,,
JP1_561563671,2026-01-28 23:04:33,ドラフト,L,SUP,ジャンナ,0,1,0,0,12,0,33,13,,,,,
JP1_561402837,2026-01-28 00:33:31,ランク,W,SUP,ジャンナ,0,11,11,27,37,36,41,100,,,,,
JP1_561395742,2026-01-27 23:59:21,ドラフト,W,SUP,ブラウム,0,4,1,21,14,9,40,32,,,,,
JP1_561382368,2026-01-27 23:08:33,ドラフト,L,SUP,ジャンナ,1,3,5,12,23,15,44,74,,,,,
JP1_561015237,2026-01-25 23:28:17,ドラフト,W,SUP,ブラウム,0,8,4,27,35,19,41,116,,,,,
JP1_561005601,2026-01-25 22:56:22,ドラフト,L,SUP,ブラウム,1,8,2,14,22,8,29,39,,,,,
JP1_560998137,2026-01-25 22:28:25,ドラフト,L,SUP,レオナ,1,12,2,9,34,5,14,23,,,,,
JP1_560983484,2026-01-25 21:42:03,ドラフト,L,SUP,セラフィーン,4,12,19,36,43,73,50,97,,,,,
JP1_560953161,2026-01-25 19:38:23,ドラフト,W,SUP,ナミ,0,3,2,17,9,5,21,19,,,,,
JP1_560945235,2026-01-25 18:56:35,ドラフト,L,SUP,ブラウム,0,12,6,20,34,29,28,76,,,,,
JP1_560937860,2026-01-25 18:29:19,ドラフト,L,SUP,ブラウム,1,10,2,10,36,6,30,36,,,,,
JP1_560924039,2026-01-25 17:14:05,ドラフト,L,SUP,ブラウム,1,3,5,15,21,16,33,51,,,,,
JP1_560573025,2026-01-24 02:47:24,ドラフト,L,SUP,セラフィーン,0,7,1,14,27,8,52,61,,,,,
JP1_560564814,2026-01-24 02:12:26,ドラフト,L,SUP,セラフィーン,1,9,5,15,38,14,35,42,,,,,
JP1_560555990,2026-01-24 01:33:34,ドラフト,L,SUP,モルガナ,3,11,3,16,43,23,49,54,,,,,
JP1_560549085,2026-01-24 01:00:39,ドラフト,L,SUP,ブラウム,1,13,3,14,38,15,31,38,,,,,
JP1_560535317,2026-01-24 00:19:07,ドラフト,W,SUP,ジャンナ,0,4,17,24,14,51,31,78,,,,,
JP1_560528224,2026-01-23 23:52:33,ドラフト,W,SUP,ブラウム,2,2,7,24,4,20,21,29,,,,,
JP1_560516506,2026-01-23 23:19:19,ドラフト,L,SUP,ジャンナ,2,5,7,21,31,21,38,56,,,,,
JP1_560501908,2026-01-23 22:36:59,ドラフト,L,MID,ガリオ,0,9,15,21,28,51,146,38,,,,,
JP1_560365124,2026-01-23 03:01:58,ランク,L,SUP,ブラウム,0,2,2,4,24,5,31,50,,,,,
JP1_560359757,2026-01-23 02:25:41,ランク,L,SUP,ジャンナ,2,5,3,9,23,11,23,57,,,,,
JP1_560340242,2026-01-23 00:32:45,ドラフト,L,SUP,ブラウム,2,8,5,19,30,19,30,52,,,,,
JP1_560329757,2026-01-22 23:54:46,ドラフト,W,SUP,ジャンナ,1,7,18,30,29,54,30,87,,,,,
JP1_560317814,2026-01-22 23:17:42,ドラフト,L,SUP,セラフィーン,2,8,5,26,34,16,67,65,,,,,
JP1_560144722,2026-01-22 01:10:08,ドラフト,L,SUP,ジャンナ,1,7,1,14,43,14,47,64,,,,,
JP1_559929645,2026-01-21 00:27:51,ランク,L,SUP,ブラウム,0,8,4,17,26,27,44,85,,,,,
JP1_559913431,2026-01-20 23:25:34,ランク,W,SUP,ブラウム,0,6,15,39,33,51,29,63,,,,,
JP1_559904291,2026-01-20 22:56:13,ドラフト,L,SUP,モルガナ,0,8,3,12,32,11,38,31,,,,,
JP1_559555065,2026-01-19 01:59:11,ドラフト,W,SUP,ブラウム,2,8,15,24,27,55,46,63,,,,,
JP1_559306602,2026-01-18 03:05:32,ドラフト,W,SUP,ブラウム,0,1,2,25,5,15,34,49,,,,,
JP1_559299127,2026-01-18 02:19:17,ドラフト,W,SUP,セラフィーン,2,10,16,46,29,57,80,73,,,,,
JP1_559294070,2026-01-18 01:58:17,ドラフト,W,SUP,セラフィーン,3,0,2,21,4,15,17,20,,,,,
JP1_559283591,2026-01-18 01:18:29,ドラフト,L,SUP,セラフィーン,3,13,7,12,50,20,80,49,,,,,
JP1_559272336,2026-01-18 00:38:58,ドラフト,W,SUP,セラフィーン,2,5,13,30,23,42,62,51,,,,,
JP1_559170201,2026-01-17 18:46:30,ランク,L,SUP,ジャンナ,0,9,9,20,42,31,22,36,,,,,
JP1_559041013,2026-01-17 02:21:36,ドラフト,L,SUP,ブラウム,0,0,0,0,0,0,2,1,,,,,
JP1_559031651,2026-01-17 01:51:05,ドラフト,L,MID,オレリオン・ソル,0,9,1,6,30,7,107,13,,,,,
JP1_559022805,2026-01-17 01:18:22,ドラフト,L,MID,モルガナ,1,9,1,15,37,8,112,26,,,,,
JP1_558820492,2026-01-16 01:41:15,ドラフト,L,SUP,ジャンナ,2,4,0,6,24,3,24,26,,,,,
JP1_558815171,2026-01-16 01:05:38,ドラフト,L,SUP,セラフィーン,1,6,0,15,37,9,51,42,,,,,
JP1_558410103,2026-01-14 00:57:21,ドラフト,L,SUP,セラフィーン,2,15,6,18,40,30,45,46,,,,,
JP1_558400880,2026-01-14 00:19:49,ドラフト,W,SUP,レオナ,4,5,14,31,15,46,43,51,,,,,
JP1_558394454,2026-01-13 23:53:29,ドラフト,L,SUP,モルガナ,2,9,1,8,29,3,21,25,,,,,
JP1_558223025,2026-01-13 02:23:29,ドラフト,W,SUP,セラフィーン,2,5,12,33,20,43,50,41,,,,,
JP1_558214951,2026-01-13 01:42:12,ドラフト,L,JG,グウェン,3,7,2,11,25,16,203,45,,,,,
JP1_558212307,2026-01-13 01:17:01,ドラフト,L,MID,セラフィーン,3,7,0,8,23,6,64,19,,,,,
JP1_558205061,2026-01-13 00:43:11,ドラフト,L,JG,キンドレッド,0,7,0,4,34,4,151,22,,,,,
JP1_558085150,2026-01-12 17:24:44,ドラフト,L,SUP,モルガナ,1,9,10,24,41,34,72,68,,,,,
JP1_557975900,2026-01-12 03:12:16,ドラフト,W,SUP,モルガナ,2,5,9,25,16,28,49,50,,,,,
JP1_557700140,2026-01-11 02:54:03,ドラフト,L,SUP,セラフィーン,2,7,1,6,34,7,30,25,,,,,
JP1_557691355,2026-01-11 02:14:56,ドラフト,L,SUP,セラフィーン,0,6,1,5,26,4,39,31,,,,,
JP1_557674960,2026-01-11 01:17:21,ドラフト,L,SUP,ジャンナ,2,11,8,27,49,31,35,35,,,,,
JP1_557658703,2026-01-11 00:22:11,ドラフト,W,SUP,セラフィーン,3,9,12,35,26,48,51,58,,,,,
JP1_557642734,2026-01-10 23:38:24,ドラフト,L,SUP,ラカン,0,7,4,6,20,7,32,36,,,,,
JP1_557430876,2026-01-10 02:54:19,ドラフト,L,SUP,セラフィーン,3,9,5,15,28,12,48,44,,,,,
JP1_557419532,2026-01-10 02:00:16,ドラフト,L,SUP,モルガナ,3,7,7,16,32,22,64,52,,,,,
JP1_557375160,2026-01-09 23:36:27,ドラフト,W,SUP,セラフィーン,1,4,7,37,12,26,42,39,,,,,
JP1_556572228,2026-01-05 23:21:47,ランク,L,SUP,ジャンナ,0,5,9,20,28,28,35,45,,,,,
