match_id,champion,kills,deaths,assists,combat_events,all_fights,my_fights,fight_wins,fight_evens,fight_losses,survived_fights,died_fights,small_fights,skirmishes,teamfights,early_fights,mid_fights,late_fights,objective_before_gain,objective_before_loss,objective_during_gain,objective_during_loss,objective_after_gain,objective_after_loss
JP1_557138077,Seraphine,8,8,11,27,21,13,6,2,5,5,8,1,5,6,4,7,2,2,0,4,0,0,1
JP1_557150823,Seraphine,8,3,14,25,18,11,9,2,0,8,3,5,3,2,10,1,0,4,0,2,0,3,0
JP1_557158897,Seraphine,1,7,11,19,20,11,4,4,3,4,7,4,4,2,7,4,0,2,1,3,0,1,0
JP1_557167749,Seraphine,2,8,5,15,22,11,1,2,8,3,8,4,6,1,8,3,0,0,1,0,4,0,2
JP1_557175137,Seraphine,5,7,12,24,34,12,5,2,5,5,7,3,5,4,4,8,0,4,1,0,1,1,2
JP1_557179973,Seraphine,3,7,4,14,20,10,3,0,7,3,7,5,3,2,7,3,0,0,2,0,1,0,2
JP1_557187279,Seraphine,1,4,4,9,20,5,1,0,4,1,4,2,2,1,4,1,0,0,3,0,1,0,3
JP1_557193538,Seraphine,5,5,10,20,32,11,6,1,4,6,5,4,4,3,4,6,1,4,2,0,0,1,1
JP1_557375160,Seraphine,1,4,7,12,25,9,6,0,3,5,4,3,4,2,4,5,0,1,0,1,0,3,0
JP1_557402127,Seraphine,4,7,14,25,31,14,7,5,2,7,7,7,2,5,7,7,0,3,1,1,0,0,2
JP1_557411983,Seraphine,4,3,4,11,24,6,4,1,1,3,3,3,1,1,6,0,0,2,0,1,0,2,0
JP1_557419532,Morgana,3,7,7,17,27,12,6,0,6,5,7,4,6,2,2,4,6,1,3,0,1,0,5
JP1_557430876,Seraphine,3,9,5,17,28,14,5,0,9,5,9,8,5,0,5,7,2,0,2,0,1,1,6
JP1_557642734,Rakan,0,7,4,11,18,8,1,1,6,1,7,5,3,0,4,4,0,0,2,0,0,1,1
JP1_557658703,Seraphine,3,9,12,24,29,14,6,1,7,5,9,6,3,4,4,6,4,4,1,0,0,5,1
JP1_557674960,Janna,2,11,8,21,35,15,4,2,9,4,11,8,3,4,5,9,1,1,2,0,2,1,3
JP1_557691355,Seraphine,0,6,1,7,20,7,0,1,6,1,6,3,3,1,3,4,0,1,0,0,0,0,1
JP1_557700140,Seraphine,2,7,1,10,23,9,1,1,7,2,7,4,2,2,4,5,0,0,0,0,2,0,5
JP1_557957945,Seraphine,5,7,10,22,22,12,7,0,5,6,6,4,2,6,6,6,0,0,2,0,1,3,2
JP1_557967038,Seraphine,4,7,1,12,23,9,3,1,5,3,6,5,3,1,5,4,0,0,1,0,1,1,2
JP1_557975900,Morgana,2,5,9,16,21,12,10,0,2,7,5,7,1,3,3,8,1,2,1,0,0,2,0
JP1_558085150,Morgana,1,9,10,20,32,13,4,2,7,4,9,7,4,2,4,5,4,2,3,0,0,0,3
JP1_558094831,Seraphine,2,6,9,17,19,10,5,2,3,4,6,5,3,2,8,2,0,0,0,2,0,1,2
JP1_558205061,Kindred,0,7,0,7,25,7,0,0,7,0,7,1,4,1,3,4,0,0,2,0,1,0,3
JP1_558212307,Seraphine,3,7,0,10,18,7,0,1,6,0,7,0,4,0,3,4,0,0,1,0,0,0,1
JP1_558214951,Gwen,3,7,2,12,29,11,3,1,7,4,7,7,2,1,2,4,5,2,2,0,0,0,3
JP1_558223025,Seraphine,2,5,12,19,21,7,3,1,3,2,5,1,1,5,2,5,0,4,0,3,0,2,0
JP1_558384877,Braum,3,1,17,21,33,13,10,2,1,12,1,5,5,3,11,2,0,3,0,3,0,2,0
JP1_558394454,Morgana,2,9,1,12,26,11,1,1,9,2,9,8,2,0,7,4,0,0,2,0,0,1,1
JP1_558400880,Leona,4,5,14,23,25,15,10,1,4,10,5,7,4,4,7,4,4,0,1,2,0,6,0
JP1_558410103,Seraphine,2,15,6,23,24,16,2,1,13,2,14,7,4,4,6,7,3,1,1,0,0,1,2
JP1_558594120,Braum,0,0,11,11,26,5,5,0,0,5,0,1,2,2,5,0,0,0,0,1,0,2,0
JP1_558597828,Braum,1,4,20,25,26,13,9,2,2,9,4,5,4,4,10,3,0,3,1,3,0,4,0
JP1_558808449,Braum,1,1,25,27,20,9,9,0,0,8,1,5,2,2,9,0,0,1,0,2,0,2,0
JP1_558815171,Seraphine,1,6,0,7,25,7,0,1,6,1,6,1,3,3,1,3,3,0,0,0,1,0,2
JP1_558820492,Janna,2,4,0,6,21,4,1,0,3,0,4,0,4,0,2,2,0,0,1,0,1,0,0
JP1_559022805,Morgana,1,9,1,11,28,11,2,0,9,2,9,3,2,3,4,6,1,0,1,0,0,0,4
JP1_559031651,AurelionSol,0,9,1,10,21,9,0,0,9,0,9,2,2,2,4,5,0,0,1,0,0,0,4
JP1_559041013,Braum,0,0,0,0,0,0,0,0,0,0,0,0,0,0,0,0,0,0,0,0,0,0,0
JP1_559049843,Braum,1,7,7,15,25,11,4,1,6,4,7,3,5,3,3,8,0,1,3,0,4,0,1
JP1_559156375,Braum,1,2,12,15,18,8,6,1,1,6,2,1,5,2,3,5,0,3,0,1,0,5,0
JP1_559163549,Braum,2,6,3,11,17,6,1,0,5,1,5,0,2,4,2,4,0,1,1,0,4,0,1
JP1_559170201,Janna,0,9,9,18,27,9,2,1,6,0,9,1,4,3,3,6,0,0,3,0,3,0,1
JP1_559230598,Braum,2,5,13,20,32,12,8,0,4,7,5,4,4,4,5,7,0,2,1,0,0,3,0
JP1_559272336,Seraphine,2,5,13,20,28,12,6,1,5,7,5,4,4,4,2,7,3,1,3,2,0,2,0
JP1_559283591,Seraphine,3,13,7,23,25,14,0,1,13,1,13,3,6,5,3,6,5,1,1,0,5,0,3
JP1_559294070,Seraphine,3,0,2,5,19,4,3,1,0,4,0,1,2,0,3,1,0,0,0,0,0,1,0
JP1_559299127,Seraphine,2,10,16,28,36,17,9,3,5,7,10,4,11,2,3,8,6,3,1,0,0,3,1
JP1_559306602,Braum,0,1,2,3,22,2,2,0,0,1,1,0,1,1,0,2,0,1,0,1,0,0,0
JP1_559555065,Braum,2,8,15,25,21,12,4,2,6,4,8,4,2,6,3,4,5,1,3,0,1,4,1
JP1_559904291,Morgana,0,8,3,11,22,8,1,0,7,1,7,4,0,4,3,5,0,1,1,0,2,0,0
JP1_559913431,Braum,0,6,15,21,31,12,5,2,5,6,6,4,6,2,2,8,2,4,1,1,0,5,0
JP1_559929645,Braum,0,8,4,12,20,8,1,0,7,0,8,2,2,4,0,4,4,2,1,0,1,0,2
JP1_560144722,Janna,1,7,1,9,26,7,0,1,6,0,7,1,1,5,0,3,4,1,3,0,2,1,2
JP1_560317814,Seraphine,2,8,5,15,36,12,1,5,6,4,8,4,3,2,4,2,6,2,1,1,0,1,1
JP1_560329757,Janna,1,7,18,26,24,11,6,0,5,4,7,2,4,5,5,4,2,2,1,1,0,3,1
JP1_560340242,Braum,2,8,5,15,28,11,2,2,7,3,8,1,6,4,2,7,2,1,1,2,1,0,5
JP1_560359757,Janna,2,5,3,10,15,6,0,2,4,1,5,1,4,1,4,2,0,0,2,0,1,0,2
JP1_560365124,Braum,0,2,2,4,19,4,1,1,2,2,2,3,1,0,2,2,0,0,2,0,0,0,1
JP1_560501908,Galio,0,9,15,24,31,17,8,0,9,8,9,3,9,2,4,7,6,2,4,0,0,1,1
JP1_560516506,Janna,2,5,7,14,31,10,5,2,3,5,5,5,2,3,5,4,1,1,2,0,1,2,1
JP1_560528224,Braum,2,2,7,11,18,7,5,0,2,5,2,4,3,0,3,4,0,1,0,1,0,2,0
JP1_560535317,Janna,0,4,17,21,21,9,7,1,1,5,4,3,4,2,2,4,3,0,0,2,1,4,0
JP1_560549085,Braum,1,13,3,17,31,13,0,2,11,0,13,6,4,2,5,6,2,0,2,0,1,0,6
JP1_560555990,Morgana,3,11,3,17,29,14,2,2,10,3,11,6,3,5,5,5,4,1,4,0,2,1,5
JP1_560564814,Seraphine,1,9,5,15,25,11,1,2,8,2,9,4,3,3,1,8,2,1,4,1,0,0,4
JP1_560573025,Seraphine,0,7,1,8,23,6,0,0,6,0,6,1,2,3,1,3,2,0,2,0,1,0,3
JP1_560924039,Braum,1,3,5,9,28,7,3,0,4,4,3,2,4,1,2,4,1,2,0,0,1,1,0
JP1_560937860,Braum,1,10,2,13,28,11,1,0,10,1,10,7,3,1,6,5,0,1,1,0,0,0,1
JP1_560945235,Braum,0,12,6,18,30,13,1,4,8,1,12,5,3,5,3,4,6,2,2,1,3,0,4
JP1_560953161,Nami,0,3,2,5,20,4,1,1,2,1,3,4,0,0,2,2,0,1,0,0,0,0,1
JP1_560983484,Seraphine,4,12,19,35,26,16,5,3,8,4,12,2,8,6,3,6,7,2,1,0,3,0,2
JP1_560998137,Leona,1,12,2,15,18,10,1,0,9,0,10,4,4,2,6,4,0,0,1,0,3,0,4
JP1_561005601,Braum,1,8,2,11,24,9,0,2,7,2,7,5,3,1,2,6,1,0,2,0,1,0,3
JP1_561015237,Braum,0,8,4,12,42,10,1,2,7,2,8,3,4,3,2,2,6,1,1,2,0,2,2
JP1_561382368,Janna,1,3,5,9,21,8,5,0,3,5,3,3,3,2,2,3,3,0,2,0,0,1,3
JP1_561395742,Braum,0,4,1,5,16,4,0,0,4,0,4,2,2,0,3,1,0,0,0,0,0,0,1
JP1_561402837,Janna,0,11,11,22,30,14,4,2,8,3,11,2,6,4,3,3,8,1,2,2,1,1,3
JP1_561563671,Janna,0,1,0,1,11,1,0,0,1,0,1,0,1,0,1,0,0,0,0,0,0,0,0
JP1_561571258,Morgana,1,3,5,9,21,6,4,0,2,3,3,3,3,0,5,1,0,0,0,0,0,0,1
JP1_561581260,Janna,1,10,9,20,24,10,1,2,7,0,10,2,5,2,5,5,0,0,1,0,1,1,1
JP1_561590103,Braum,2,4,9,15,21,8,5,2,1,4,4,4,2,2,5,3,0,0,2,0,0,1,1
JP1_562170066,Janna,0,10,8,18,19,10,2,0,8,0,10,4,0,5,3,5,2,0,2,0,3,0,3
JP1_562185060,Janna,1,1,0,2,20,2,0,1,1,1,1,1,1,0,2,0,0,0,1,0,0,0,1
JP1_562191667,Janna,1,2,13,16,27,10,8,1,1,8,2,3,7,0,2,4,4,0,0,1,0,5,0
JP1_562201894,Janna,0,0,0,0,1,0,0,0,0,0,0,0,0,0,0,0,0,0,0,0,0,0,0
JP1_562206272,Janna,3,2,18,23,25,12,11,0,1,10,2,6,4,2,3,8,1,2,1,2,0,4,0
JP1_562219273,Janna,1,5,14,20,19,9,7,0,2,4,5,2,4,3,2,3,4,3,2,1,0,3,0
JP1_562443461,Janna,1,8,2,11,35,9,1,0,8,1,8,4,1,1,3,6,0,0,2,0,0,0,2
JP1_562444989,Braum,2,8,0,10,22,9,0,1,8,1,8,2,4,2,3,6,0,0,2,0,1,0,3
JP1_562450290,Janna,1,7,3,11,20,7,1,0,6,1,6,2,1,2,4,3,0,0,1,0,3,0,2
JP1_562452962,Varus,0,9,2,11,20,9,1,0,8,0,9,2,2,2,4,5,0,1,0,0,0,0,2
JP1_562593921,Morgana,3,7,17,27,27,12,6,1,5,5,7,4,4,4,2,8,2,1,2,3,0,0,1
JP1_562777146,Janna,0,6,6,12,29,9,4,1,4,3,6,5,2,2,2,5,2,2,0,2,0,3,1
JP1_563013565,Galio,3,2,10,15,14,7,6,1,0,5,2,2,1,2,7,0,0,1,0,1,0,1,0
JP1_563386599,Gwen,4,4,3,11,24,6,4,0,2,2,4,0,1,2,5,1,0,1,1,1,0,1,0
JP1_563434325,Malphite,2,7,9,18,26,11,7,0,4,4,7,3,1,4,2,4,5,3,0,2,0,3,2
JP1_563443540,Janna,1,7,13,21,28,12,7,3,2,5,7,4,4,4,1,4,7,3,0,1,1,4,1
JP1_563454259,Ashe,14,10,12,36,51,26,16,4,6,16,10,12,12,1,6,8,12,3,6,3,1,2,2
JP1_563722481,Galio,3,3,8,14,28,9,6,1,2,6,3,2,4,2,2,1,6,2,0,1,0,2,1
JP1_563942520,Ahri,0,0,0,0,1,0,0,0,0,0,0,0,0,0,0,0,0,0,0,0,0,0,0
JP1_563945518,Ahri,4,11,12,27,27,17,5,2,10,6,11,6,4,5,6,6,5,2,4,1,1,0,2
JP1_564121348,Janna,1,8,9,18,29,14,5,0,9,6,8,4,7,2,7,6,1,0,0,0,1,1,3
JP1_564134689,Janna,1,2,19,22,24,11,8,1,2,9,2,3,4,4,4,5,2,2,0,0,0,5,0
JP1_564162368,Galio,0,0,0,0,1,0,0,0,0,0,0,0,0,0,0,0,0,0,0,0,0,0,0
JP1_564162784,Janna,1,9,9,19,31,11,2,2,7,3,8,5,0,6,5,3,3,1,1,0,3,0,4
JP1_564168576,Galio,5,3,7,15,30,9,6,1,2,6,3,4,3,2,7,2,0,2,1,0,0,2,0
JP1_564172268,Galio,1,2,1,4,9,3,1,0,2,1,2,0,3,0,3,0,0,0,1,0,1,0,0
JP1_564173708,Galio,0,0,3,3,14,2,2,0,0,2,0,0,2,0,2,0,0,0,1,0,0,1,0
JP1_564362225,Galio,0,5,0,5,14,5,0,0,5,0,5,0,3,2,1,4,0,1,2,1,1,0,4
JP1_564369314,Galio,4,5,6,15,31,12,8,0,4,7,5,4,2,3,5,5,2,0,2,0,1,4,2
JP1_564380129,Janna,0,11,9,20,22,14,3,1,10,3,11,3,4,7,4,7,3,0,2,0,1,2,5
JP1_564388546,Galio,2,4,6,12,25,7,3,2,2,3,4,3,2,1,1,4,2,0,0,0,0,1,0
JP1_564603868,Braum,4,4,5,13,19,7,2,2,3,3,4,2,2,3,4,2,1,0,1,1,1,2,0
JP1_564620424,Zyra,2,3,8,13,26,7,6,1,0,4,3,4,2,1,7,0,0,0,0,2,0,1,0
JP1_564626851,Zyra,2,12,11,25,32,14,3,2,9,3,11,3,6,4,9,5,0,1,3,0,3,0,3
JP1_565019511,Ahri,7,4,5,16,23,10,6,0,4,6,4,3,5,2,2,3,5,0,2,0,0,1,3
JP1_565029333,Ahri,1,5,2,8,26,7,1,1,5,2,5,4,1,1,1,5,1,0,3,0,0,0,3
JP1_565034397,Braum,1,6,26,33,27,12,7,0,5,7,5,2,3,6,0,6,6,0,3,1,2,2,2
JP1_565038384,Seraphine,2,8,13,23,35,13,5,1,7,6,7,4,4,5,3,6,4,0,6,0,2,2,2
JP1_565208717,Morgana,1,7,4,12,23,9,3,0,6,2,7,2,5,2,3,2,4,0,2,0,1,0,3
JP1_565220687,Braum,1,4,16,21,25,13,9,1,3,9,4,5,5,3,2,2,9,5,0,1,1,3,1
JP1_565241192,Galio,4,8,25,37,24,15,9,3,3,7,8,0,6,8,2,6,7,2,1,2,1,5,1
JP1_565251699,Galio,1,0,3,4,11,3,3,0,0,3,0,1,2,0,2,1,0,0,1,0,0,1,0
JP1_565255810,Galio,6,1,8,15,16,10,10,0,0,9,1,6,4,0,4,6,0,1,2,0,0,3,0
JP1_565262355,Galio,5,6,14,25,26,15,7,3,5,9,6,5,6,2,7,7,1,1,1,0,0,5,0
JP1_565268387,Galio,5,8,20,33,37,21,10,3,8,13,8,5,7,8,4,5,12,2,2,0,0,6,5
JP1_565274830,Janna,0,5,2,7,22,6,1,0,5,1,5,1,4,1,3,3,0,0,0,0,1,0,1
JP1_565278528,Galio,0,5,5,10,23,9,3,1,5,4,5,3,5,1,2,3,4,0,4,0,1,1,1
JP1_565469793,Galio,2,3,10,15,31,11,8,0,3,8,3,2,5,2,3,3,5,0,0,2,0,4,0
JP1_565478949,Galio,2,4,2,8,21,6,1,2,3,2,4,4,1,1,3,2,1,0,1,0,0,1,0
JP1_565486188,Galio,3,7,12,22,29,12,4,0,8,5,7,2,2,7,2,3,7,0,3,1,1,1,7
JP1_565494732,Galio,3,0,10,13,30,9,8,1,0,9,0,3,5,0,2,5,2,3,0,1,0,2,0
JP1_565500563,Galio,1,8,9,18,29,13,4,1,8,5,8,3,6,3,4,3,6,0,3,1,3,1,1
JP1_565846622,Braum,1,13,15,29,22,14,3,1,10,2,12,3,4,7,5,4,5,1,3,1,2,3,1
JP1_565857122,Leona,2,10,5,17,21,13,2,2,9,3,10,5,5,3,7,5,1,1,2,0,3,0,0
JP1_566019333,Janna,1,7,16,24,19,10,6,1,3,4,6,3,2,5,4,6,0,3,0,2,0,3,0
JP1_566026521,Galio,4,7,16,27,26,12,6,1,5,5,7,1,2,9,2,7,3,0,2,1,1,3,1
JP1_566035486,Galio,5,7,14,26,23,12,6,2,4,7,5,3,5,4,3,9,0,0,2,0,0,2,3
JP1_566231483,Janna,2,11,3,16,25,12,1,0,11,1,11,5,5,2,3,4,5,1,1,1,1,0,5
JP1_566240791,Braum,3,4,8,15,26,10,7,1,2,6,4,3,2,5,2,5,3,2,1,1,0,1,1
JP1_566408077,Janna,2,4,7,13,17,8,5,0,3,5,3,3,3,2,7,1,0,0,1,0,2,0,1
JP1_566411946,Janna,2,9,17,28,30,15,6,3,6,6,9,2,6,7,4,10,1,3,2,1,1,0,2
JP1_566422294,Galio,0,1,2,3,9,2,1,1,0,1,1,1,1,0,2,0,0,0,1,0,0,2,0
JP1_566426768,Galio,3,7,14,24,27,12,6,1,5,5,7,4,1,7,3,3,6,3,1,4,0,2,1
JP1_566437391,Galio,2,7,3,12,22,10,2,1,7,3,7,3,4,2,2,5,3,0,3,0,1,1,3
JP1_566443929,Lissandra,1,9,7,17,25,12,4,3,5,3,9,5,1,4,2,5,5,0,3,0,1,2,4
JP1_566451333,Ahri,5,2,5,12,36,12,10,1,1,10,2,3,3,2,4,6,2,1,0,2,0,3,0
JP1_566455920,Ahri,0,4,0,4,18,4,0,0,4,0,4,2,1,1,0,2,2,0,1,0,0,0,3
JP1_566644821,Lissandra,5,10,14,29,28,14,6,3,5,5,9,3,3,7,6,6,2,2,1,3,2,4,0
JP1_566653747,Lissandra,2,7,7,16,28,10,4,1,5,3,7,5,0,3,5,5,0,1,0,1,0,1,1
JP1_566662120,Lissandra,1,6,2,9,20,6,2,0,4,2,4,4,1,1,4,2,0,1,1,0,1,0,1
JP1_566667353,Lissandra,6,1,2,9,25,6,5,0,1,5,1,3,1,0,6,0,0,1,1,1,0,1,0
JP1_566670685,Lissandra,11,2,8,21,26,11,10,0,1,9,2,5,2,3,3,8,0,3,0,0,1,3,0
JP1_566677281,Lissandra,0,5,2,7,20,6,1,0,5,1,5,5,0,0,6,0,0,0,1,0,0,0,1
JP1_566679650,Lissandra,5,4,14,23,25,8,6,0,2,4,4,3,1,4,4,4,0,0,0,1,0,5,1
JP1_566899555,Braum,2,7,1,10,18,9,1,1,7,2,7,4,4,1,4,5,0,1,2,0,1,1,2
JP1_566905385,Lissandra,1,6,3,10,27,8,3,0,5,2,6,1,4,1,3,5,0,0,1,1,0,3,1
JP1_566911312,Lissandra,1,6,1,8,20,7,1,0,6,1,6,3,2,2,1,6,0,0,1,0,1,1,4
JP1_566915730,Lissandra,0,2,0,2,16,2,0,0,2,0,2,0,1,0,0,2,0,0,1,0,1,0,1
JP1_566920086,Galio,8,7,27,42,38,17,9,2,6,10,7,3,2,12,0,4,13,1,2,1,0,1,3
JP1_566926199,Galio,0,1,2,3,18,2,1,0,1,1,1,0,1,1,1,0,1,0,1,0,0,1,0
JP1_567011863,Janna,0,2,10,12,17,8,5,2,1,6,2,2,5,1,2,5,1,4,0,2,0,2,1
JP1_567022722,Janna,0,4,2,6,26,6,2,0,4,2,4,2,1,0,4,2,0,2,0,0,0,1,1
JP1_567027672,Janna,0,5,7,12,25,9,4,2,3,4,5,5,3,1,4,5,0,0,1,0,0,0,2
JP1_567032770,Janna,0,4,4,8,31,8,3,0,5,4,4,5,1,2,5,3,0,0,1,0,1,0,2
JP1_567036820,Janna,0,3,2,5,17,4,1,1,2,1,3,2,1,1,2,1,1,0,0,1,0,0,1
JP1_567076263,Malphite,1,8,2,11,29,9,1,2,6,1,8,2,2,1,3,2,4,1,3,0,1,0,2
JP1_567087882,Morgana,6,13,13,32,41,22,10,2,10,9,13,9,8,5,4,7,11,3,2,1,2,3,6
JP1_567105103,Morgana,2,8,2,12,19,10,2,1,7,2,8,2,7,0,1,5,4,1,2,0,0,1,3
JP1_567113669,Nami,1,5,18,24,30,12,7,1,4,7,5,5,1,5,6,5,1,3,0,1,0,2,0
JP1_567132238,Morgana,2,9,11,22,27,14,6,1,7,5,9,6,3,5,3,5,6,0,4,0,1,0,7
JP1_568318493,Zyra,0,3,0,3,13,3,0,0,3,0,3,1,2,0,2,1,0,0,0,0,0,0,2
JP1_569357665,Galio,0,6,1,7,24,7,1,0,6,1,6,2,1,3,4,3,0,2,1,0,0,0,2
JP1_569365097,Galio,2,2,5,9,17,5,3,1,1,3,2,1,3,1,2,3,0,1,0,2,0,1,1
JP1_569369811,Galio,4,3,3,10,10,5,1,1,3,3,2,1,1,3,2,3,0,0,1,0,1,2,1
JP1_569378355,Ashe,18,4,3,25,22,14,10,0,4,10,4,8,4,2,10,4,0,3,0,1,0,1,0
JP1_569384631,Galio,1,4,15,20,27,12,6,2,4,8,4,2,6,4,3,6,3,2,3,1,0,2,1
JP1_569392736,Galio,0,5,1,6,16,6,0,0,6,1,5,2,2,2,6,0,0,1,0,0,1,0,2
JP1_569397736,Xerath,7,1,7,15,20,9,9,0,0,8,1,1,4,2,6,3,0,3,0,2,0,2,0
JP1_569405331,Xerath,3,1,2,6,13,5,4,0,1,4,1,2,2,0,5,0,0,0,0,2,0,0,0
JP1_569407747,Xerath,3,6,6,15,21,12,5,1,6,6,6,4,4,2,4,5,3,3,0,0,2,0,2
JP1_569415117,Xerath,4,2,9,15,20,8,6,0,2,6,2,2,1,3,5,3,0,4,0,1,0,5,0
JP1_569422334,Xerath,9,4,14,27,31,17,12,2,3,13,4,6,1,7,5,4,8,2,1,0,0,3,0
JP1_570132990,Janna,2,5,22,29,21,12,9,1,2,7,5,4,4,4,4,5,3,2,1,0,1,3,2
JP1_570153213,Ahri,1,9,1,11,28,11,0,3,8,2,9,2,3,1,3,5,3,0,4,0,0,0,1
JP1_570161289,Galio,2,4,7,13,26,9,4,1,4,5,4,2,1,5,2,2,5,1,1,2,0,3,1
JP1_570170572,Seraphine,0,6,4,10,18,8,2,0,6,2,6,3,3,2,1,4,3,0,1,1,0,2,1
JP1_570301929,Nami,1,3,2,6,16,5,2,1,2,2,3,5,0,0,4,1,0,0,1,0,0,0,1
JP1_570307638,Nami,2,4,6,12,29,10,5,1,4,6,4,5,3,1,4,4,2,0,1,1,0,3,2
JP1_570319449,Leona,1,10,7,18,32,12,2,1,9,2,10,7,1,4,4,6,2,0,0,0,1,0,4
JP1_570511965,Xerath,2,3,0,5,15,4,1,0,3,1,3,2,1,1,2,2,0,1,1,1,0,1,1
JP1_570516971,Nami,0,11,23,34,52,20,7,2,11,9,11,11,4,5,3,6,11,1,1,0,2,1,5
JP1_570949791,Xerath,4,8,8,20,27,12,5,2,5,4,8,2,2,5,3,5,4,0,1,1,2,0,4
JP1_571095396,Seraphine,4,1,0,5,17,5,3,1,1,4,1,3,1,0,3,2,0,0,1,0,0,0,1
JP1_571123224,Nami,1,1,6,8,17,8,6,0,2,7,1,4,3,0,2,6,0,0,0,0,1,3,1
JP1_571124937,Braum,1,7,3,11,36,10,3,0,7,3,7,6,2,2,4,3,3,3,0,1,0,1,0
JP1_571266562,Ahri,2,4,4,10,22,7,3,0,4,3,4,2,1,2,0,5,2,1,1,0,0,1,0
JP1_571276922,Nami,3,6,16,25,35,13,6,2,5,7,6,2,5,6,1,2,10,3,2,0,0,3,3
JP1_571908469,Nami,0,1,11,12,24,6,4,1,1,5,1,0,6,0,1,2,3,0,1,1,1,3,0
JP1_572095520,Renata,2,0,21,23,24,7,7,0,0,7,0,2,3,2,5,2,0,3,0,2,0,1,0
JP1_572099879,Renata,2,4,15,21,25,9,8,1,0,5,4,3,5,1,4,5,0,0,2,1,0,3,0
JP1_572305502,Renata,1,7,2,10,21,6,0,0,6,0,6,1,3,2,1,4,1,1,1,0,2,0,3
JP1_572497339,Nami,4,3,3,10,21,7,4,0,3,4,3,4,2,1,2,5,0,0,0,0,0,1,0
JP1_572504153,Nami,1,11,16,28,45,16,5,2,9,5,11,5,4,6,1,4,11,2,2,0,2,1,3
JP1_572648821,Velkoz,4,9,1,14,34,13,4,1,8,4,9,3,2,2,6,5,2,0,4,0,0,0,5
JP1_572659558,Galio,1,1,0,2,12,2,1,0,1,1,1,1,0,0,1,1,0,0,0,0,0,0,0
JP1_572665729,Galio,1,8,4,13,21,11,2,4,5,3,8,3,3,3,3,4,4,1,3,0,2,0,5
JP1_572674957,Galio,1,2,4,7,25,7,5,0,2,5,2,3,2,1,1,2,4,4,0,0,0,3,0
JP1_572855462,Nami,2,4,9,15,27,11,8,0,3,7,4,4,7,0,7,3,1,1,1,1,0,3,1
JP1_573268221,Leona,0,7,3,10,23,7,0,0,7,0,7,4,1,2,2,5,0,2,0,0,0,0,1
JP1_573273484,Nami,2,6,7,15,21,12,4,2,6,6,6,5,5,1,2,5,5,1,3,0,1,0,1
JP1_573278329,Nami,0,2,0,2,15,2,0,0,2,0,2,2,0,0,1,1,0,0,1,0,0,1,0
JP1_573281218,Seraphine,4,6,11,21,20,11,8,0,3,5,6,1,5,4,4,4,3,0,0,1,0,4,2
JP1_573284837,Nami,0,9,1,10,19,9,0,0,9,0,9,2,4,3,0,5,4,1,1,0,0,0,4
JP1_574643792,Xerath,0,6,0,6,18,6,0,0,6,0,6,0,1,0,5,1,0,0,1,0,0,0,2
JP1_574646365,Galio,5,6,2,13,33,9,4,0,5,3,6,4,0,5,2,3,4,1,2,0,0,2,2
JP1_575408426,Nami,3,4,12,19,26,11,5,3,3,7,4,4,3,4,2,2,7,2,1,0,1,2,2
JP1_575415436,Nami,2,5,24,31,41,15,12,2,1,11,4,9,2,4,5,6,4,2,3,1,0,3,0
JP1_575694619,Nami,1,2,9,12,27,11,8,1,2,9,2,9,2,0,7,4,0,2,0,1,0,2,0
JP1_575702176,Nami,0,1,0,1,22,1,0,0,1,0,1,0,0,0,0,1,0,0,0,0,0,0,0
JP1_575707395,Nami,3,5,25,33,28,17,9,1,7,12,5,4,6,6,6,5,6,0,3,0,1,1,6
JP1_576319447,Galio,2,5,1,8,11,5,0,0,5,1,4,1,0,4,1,2,2,0,1,0,1,1,3
JP1_576325295,Xerath,1,6,0,7,19,5,0,0,5,0,5,1,0,1,1,4,0,0,1,0,1,0,3
JP1_576327611,Janna,1,4,3,8,28,6,2,1,3,3,3,1,2,2,2,3,1,1,2,0,1,0,1
JP1_576458828,Renata,2,5,19,26,30,14,8,2,4,9,5,3,5,6,2,3,9,2,3,1,1,1,2
JP1_576467771,Nami,0,0,0,0,0,0,0,0,0,0,0,0,0,0,0,0,0,0,0,0,0,0,0
JP1_576472744,Renata,0,2,17,19,21,8,5,2,1,6,2,4,1,3,7,1,0,2,1,1,0,0,1
JP1_576475337,Nami,3,9,13,25,31,13,5,2,6,4,9,5,2,5,4,5,4,2,2,0,1,1,3
JP1_576479543,Nami,2,4,18,24,30,13,8,2,3,9,4,5,1,6,4,7,2,3,3,1,0,2,1
JP1_578259022,Nami,3,4,21,28,29,15,11,2,2,11,4,8,1,6,4,5,6,1,0,2,2,5,1
JP1_578282787,Ashe,0,1,0,1,1,1,0,0,1,0,1,1,0,0,1,0,0,0,0,0,0,0,0
JP1_578287219,Seraphine,0,0,0,0,0,0,0,0,0,0,0,0,0,0,0,0,0,0,0,0,0,0,0
JP1_578288222,Nami,3,8,25,36,31,20,16,0,4,12,8,11,5,3,6,7,7,3,0,1,1,4,2
JP1_578464123,Nami,0,1,11,12,28,8,6,1,1,7,1,5,2,1,4,4,0,2,0,1,0,2,0
JP1_578468053,Nami,1,11,34,46,43,20,9,2,9,9,11,5,5,10,2,7,11,3,3,2,2,3,2
JP1_578476145,Nami,1,9,17,27,38,18,9,0,9,9,9,8,5,5,4,5,9,1,6,0,1,2,2
JP1_578997522,Nami,0,2,25,27,23,13,12,0,1,11,2,7,4,2,4,4,5,3,0,1,0,6,1
JP1_579013195,Seraphine,0,7,10,17,25,9,3,0,6,2,7,5,0,3,2,2,5,0,1,1,0,2,3
JP1_579027880,Seraphine,2,4,10,16,31,11,7,1,3,7,4,6,3,2,4,6,1,2,1,3,0,4,0
JP1_579028071,Nami,0,0,0,0,1,0,0,0,0,0,0,0,0,0,0,0,0,0,0,0,0,0,0
JP1_579172983,Milio,0,2,10,12,22,10,6,2,2,8,2,5,4,1,3,7,0,0,0,0,1,1,3
JP1_579180923,Nami,3,0,5,8,20,6,6,0,0,6,0,2,3,1,4,2,0,0,2,0,0,2,0
JP1_579189371,Nami,4,0,10,14,20,11,11,0,0,11,0,6,5,0,4,7,0,3,0,0,0,2,0
JP1_579194910,Nami,0,1,10,11,19,8,7,0,1,7,1,4,4,0,3,5,0,3,0,0,0,1,1
JP1_579201885,Nami,2,7,7,16,20,11,3,1,7,4,7,2,6,3,2,4,5,2,1,0,3,1,3
JP1_579211581,Nami,0,5,17,22,30,15,10,0,5,10,5,7,7,1,4,3,8,4,1,1,1,5,1
JP1_579219440,Nami,0,4,9,13,25,7,3,1,3,3,4,4,2,1,3,4,0,1,0,0,0,2,1
JP1_579223662,Nami,0,2,9,11,14,6,5,0,1,4,2,1,5,0,1,3,2,0,0,0,1,0,1
JP1_579226714,Nami,1,7,13,21,35,15,9,2,4,8,7,4,7,4,3,5,7,0,1,0,2,2,1
JP1_579395267,Nami,0,3,8,11,11,7,5,1,1,4,3,5,2,0,5,2,0,1,1,0,0,0,0
JP1_579400791,Nami,1,0,13,14,9,7,7,0,0,7,0,4,3,0,5,2,0,1,2,0,0,1,0
JP1_579407735,Nami,1,2,7,10,19,6,4,0,2,4,2,4,1,1,2,4,0,3,0,0,0,3,1
JP1_579416870,Nami,3,9,25,37,41,22,11,3,8,13,9,8,8,6,8,5,9,1,2,1,1,2,4
JP1_579432372,Nami,0,7,4,11,24,9,1,1,7,2,7,1,1,6,1,5,3,0,0,0,1,0,5
JP1_579440772,Renata,0,5,9,14,23,7,2,1,4,2,5,1,2,3,0,3,4,1,2,0,0,0,3
JP1_579447985,Nami,0,10,12,22,24,11,4,1,6,1,10,2,3,6,3,5,3,1,2,0,1,1,3
JP1_579453884,Nami,3,3,22,28,28,15,14,0,1,12,3,8,5,2,5,8,2,4,1,2,0,5,0
JP1_579457423,Nami,1,7,1,9,16,6,0,0,6,0,6,1,2,3,0,3,3,1,1,0,1,0,3
JP1_579462254,Nami,3,6,11,20,27,12,7,1,4,7,5,6,3,3,4,7,1,0,2,0,1,0,4
JP1_579596244,Nami,3,1,15,19,29,12,10,1,1,11,1,5,4,2,3,6,3,3,0,2,0,3,0
JP1_579608034,Nami,0,12,9,21,39,18,3,4,11,6,12,8,7,3,4,6,8,0,4,0,4,2,4
JP1_579621170,Nami,1,10,8,19,32,13,4,1,8,3,10,4,4,5,4,7,2,1,2,1,2,1,2
JP1_579627931,Nami,3,1,10,14,21,8,6,1,1,7,1,2,4,2,3,3,2,4,0,1,0,2,0
JP1_579635375,Nami,0,6,10,16,20,8,3,0,5,3,5,1,4,3,1,4,3,1,2,2,1,0,1
JP1_579969592,Seraphine,1,4,7,12,26,6,3,0,3,2,4,4,1,1,2,3,1,0,0,1,0,1,0
JP1_579981367,Nami,0,8,8,16,29,12,3,1,8,4,8,2,7,3,2,5,5,0,4,0,1,1,3
JP1_580006635,Nami,0,5,3,8,10,6,0,1,5,1,5,1,4,1,3,2,1,0,0,0,0,0,2
JP1_580019330,Nami,1,1,6,8,21,5,4,0,1,4,1,3,2,0,2,3,0,0,0,0,0,1,0
JP1_580543013,Nami,0,3,13,16,21,8,4,3,1,5,3,2,2,4,3,5,0,2,2,0,0,1,1
JP1_580639352,Galio,2,6,14,22,45,14,8,1,5,8,6,6,3,5,0,6,8,2,2,0,0,2,4
JP1_580651266,Janna,0,1,3,4,22,4,3,0,1,3,1,3,1,0,2,2,0,1,1,0,0,0,1
JP1_580656938,Janna,0,0,0,0,0,0,0,0,0,0,0,0,0,0,0,0,0,0,0,0,0,0,0
JP1_580657909,Nami,0,4,7,11,28,9,3,1,5,5,4,1,6,2,1,1,7,0,1,0,2,1,2
JP1_580666865,Nami,0,7,1,8,19,8,0,0,8,1,7,3,2,3,1,4,3,0,2,0,1,0,4
JP1_580744748,Nami,3,3,20,26,34,16,14,1,1,13,3,12,3,1,6,7,3,3,2,1,0,3,1
JP1_580756373,Milio,3,1,19,23,34,12,11,1,0,11,1,3,5,3,3,5,4,4,0,2,0,5,0
JP1_580765194,Milio,0,0,0,0,2,0,0,0,0,0,0,0,0,0,0,0,0,0,0,0,0,0,0
JP1_580766692,Milio,1,3,6,10,23,7,4,0,3,4,3,6,0,1,2,4,1,0,3,0,0,1,1
JP1_580843375,Nami,1,5,24,30,35,14,10,0,4,9,5,5,4,5,3,6,5,2,1,1,2,7,1
JP1_580855519,Nami,3,8,22,33,38,15,5,1,9,7,8,4,4,7,2,6,7,2,1,2,0,2,4
JP1_580864240,Nami,0,9,11,20,35,12,4,1,7,3,9,1,8,3,1,4,7,1,4,0,0,2,4
JP1_581018990,Milio,1,4,10,15,27,10,4,3,3,6,4,5,4,1,0,5,5,2,0,0,0,1,1
JP1_581027545,Milio,1,3,4,8,22,6,2,1,3,3,3,2,2,2,1,2,3,0,3,0,0,0,2
JP1_581034202,Milio,1,0,3,4,21,4,4,0,0,4,0,3,1,0,2,2,0,1,0,0,0,0,0
JP1_581193573,Milio,1,2,0,3,7,3,1,0,2,1,2,3,0,0,3,0,0,0,0,0,0,0,0
JP1_581197907,Seraphine,4,5,17,26,42,18,11,4,3,13,5,10,6,1,6,6,6,2,2,1,0,4,2
JP1_581207839,Morgana,1,5,25,31,29,14,9,0,5,9,5,2,8,4,2,6,6,3,1,1,0,6,0
JP1_581216478,Nami,2,5,21,28,18,11,6,2,3,6,5,3,2,6,3,4,4,0,1,1,0,4,2
JP1_581333309,Nami,1,4,8,13,21,9,4,1,4,5,4,2,4,3,2,1,6,1,0,1,0,0,3
JP1_581341733,Nami,0,7,14,21,22,11,5,1,5,4,7,5,4,2,2,5,4,2,2,1,0,2,2
JP1_581373890,Morgana,5,3,18,26,29,14,11,2,1,11,3,7,3,3,7,4,3,2,0,1,0,2,0
JP1_581386479,Janna,0,10,20,30,27,14,5,3,6,4,10,2,6,6,4,2,8,1,3,0,1,0,3
JP1_581402157,Morgana,7,3,12,22,27,12,10,0,2,9,3,7,3,2,3,5,4,1,1,0,1,5,1
JP1_581415669,Nami,0,9,5,14,28,12,2,1,9,3,9,6,5,1,7,4,1,1,2,2,1,2,1
JP1_581432017,Nami,4,1,16,21,28,12,10,2,0,11,1,9,2,1,5,7,0,4,0,2,0,2,0
JP1_581439116,Nami,1,2,0,3,11,2,0,1,1,0,2,0,1,1,0,2,0,0,1,0,0,0,2
JP1_581640753,Milio,0,0,7,7,9,4,3,0,1,4,0,2,2,0,4,0,0,0,0,0,0,2,0
JP1_581767336,Anivia,1,6,7,14,33,11,6,2,3,5,6,2,5,2,0,5,6,3,1,1,1,1,0
JP1_581777636,Galio,4,7,14,25,29,12,4,1,7,5,7,5,3,4,4,5,3,1,0,0,1,2,2
JP1_581790090,Galio,0,8,2,10,22,7,0,0,7,0,7,1,0,3,3,2,2,0,1,0,0,0,2
JP1_581800511,Galio,0,1,1,2,18,2,1,0,1,1,1,0,1,0,1,1,0,0,0,0,0,0,0
JP1_581806456,Braum,1,2,10,13,21,8,8,0,0,6,2,4,4,0,7,1,0,1,1,2,0,2,0
JP1_582145375,Vayne,33,7,2,42,42,22,13,2,7,15,7,10,7,3,8,9,5,0,5,4,1,1,1
JP1_582155249,Morgana,6,2,7,15,20,10,9,0,1,8,2,4,2,2,6,4,0,2,0,1,0,2,0
JP1_582317507,Seraphine,2,4,15,21,20,10,5,1,4,6,4,4,1,5,2,4,4,1,1,1,0,4,0
JP1_582332415,Nami,0,1,0,1,11,1,0,0,1,0,1,1,0,0,1,0,0,0,0,0,0,0,0
JP1_582335397,Seraphine,0,3,4,7,26,6,2,0,4,3,3,1,2,3,1,4,1,0,1,1,1,1,1
JP1_583103270,Nami,5,7,16,28,38,17,8,2,7,10,7,7,6,4,4,3,10,3,1,0,0,3,2
JP1_583298302,Renata,0,3,3,6,12,6,2,0,4,3,3,2,2,2,1,3,2,1,3,0,1,0,1
JP1_583304510,Nami,2,5,16,23,22,11,5,2,4,6,5,3,3,5,1,6,4,5,0,1,0,4,1
JP1_583441601,Nami,1,7,12,20,28,11,5,1,5,4,7,1,3,7,1,3,7,0,4,1,2,0,1
JP1_583454180,Nami,1,1,0,2,12,2,1,0,1,1,1,1,0,0,1,1,0,0,1,0,0,0,0
JP1_583457881,Janna,0,0,0,0,16,0,0,0,0,0,0,0,0,0,0,0,0,0,0,0,0,0,0
JP1_583619029,Seraphine,0,3,5,8,25,7,2,1,4,4,3,0,4,3,1,2,4,0,3,0,2,0,2
JP1_583627479,Nami,0,4,8,12,24,7,2,2,3,3,4,1,2,4,1,1,5,0,2,1,0,1,2
JP1_583638626,Morgana,1,5,1,7,22,6,1,1,4,1,5,2,2,2,1,4,1,1,1,0,1,0,1
JP1_583647018,Nami,1,2,23,26,22,11,10,0,1,9,2,5,2,4,5,5,1,2,0,1,0,3,1
JP1_583830842,Morgana,4,5,14,23,28,14,8,1,5,9,5,4,5,4,4,6,4,2,3,0,0,1,3
JP1_583912007,Nami,2,7,20,29,36,14,8,1,5,7,7,5,6,3,3,6,5,0,2,0,0,2,3
JP1_583999160,Morgana,2,0,6,8,16,5,5,0,0,5,0,3,1,1,2,3,0,2,0,0,0,2,0
JP1_584009074,Janna,0,0,0,0,13,0,0,0,0,0,0,0,0,0,0,0,0,0,0,0,0,0,0
JP1_584057876,Ashe,2,6,10,18,23,9,5,1,3,3,6,3,2,4,3,4,2,0,0,1,0,3,1
JP1_584062947,Illaoi,1,11,1,13,29,11,0,0,11,0,11,3,0,1,3,5,3,0,2,0,1,0,5
JP1_584246377,Morgana,2,3,14,19,34,13,8,3,2,10,3,7,3,2,6,6,1,1,2,0,1,2,1
JP1_584264807,Nami,2,5,7,14,15,7,1,2,4,2,5,2,3,2,1,6,0,0,2,0,0,0,0
JP1_584269709,Leona,1,8,17,26,28,12,8,2,2,4,8,4,5,3,3,7,2,2,1,1,1,4,1
JP1_584394437,Rakan,0,0,9,9,19,5,5,0,0,5,0,2,2,1,1,4,0,0,0,0,0,1,0
JP1_584582138,Pantheon,12,3,8,23,28,10,9,1,0,8,2,2,3,3,6,4,0,2,1,2,1,2,0
JP1_584585318,Pantheon,4,1,5,10,22,6,5,0,1,5,1,1,1,3,6,0,0,3,0,1,0,2,0
JP1_584739562,Pantheon,6,2,10,18,24,4,4,0,0,3,1,0,2,1,4,0,0,1,0,2,0,1,0
JP1_584741993,Seraphine,3,3,16,22,33,13,10,1,2,10,3,8,2,3,9,4,0,2,1,2,0,5,0
JP1_584908197,Pantheon,0,4,0,4,17,3,0,0,3,0,3,1,1,1,3,0,0,0,0,0,1,0,3
JP1_584910656,Pantheon,2,3,7,12,15,7,4,2,1,4,3,3,2,1,7,0,0,1,0,0,0,1,0
JP1_585305580,Pantheon,0,4,1,5,29,5,0,1,4,1,4,1,1,2,2,3,0,1,1,0,1,0,1
JP1_585311976,Galio,2,11,9,22,30,11,1,0,10,0,11,0,3,6,2,5,4,1,3,0,1,0,3
JP1_585625679,Morgana,2,1,2,5,14,4,3,1,0,3,1,3,1,0,4,0,0,1,0,0,0,1,0
JP1_585630522,Seraphine,2,4,14,20,15,10,7,1,2,6,4,2,4,4,4,6,0,4,0,1,0,3,0
JP1_585641326,Morgana,4,9,14,27,31,12,4,0,8,3,9,0,6,6,1,4,7,0,2,2,0,1,3
JP1_585779279,Milio,3,4,21,28,33,13,8,1,4,9,4,2,4,7,1,4,8,2,1,1,0,3,4
JP1_585954953,Seraphine,6,4,20,30,39,18,13,4,1,14,4,10,7,1,6,6,6,2,0,1,0,4,0
JP1_585973881,Janna,2,5,2,9,25,7,2,0,5,2,5,3,3,1,2,1,4,0,0,0,0,0,1
JP1_585981782,Morgana,3,12,5,20,31,14,3,1,10,2,12,5,7,1,5,5,4,0,4,0,3,0,3
JP1_585987767,Seraphine,1,3,14,18,32,12,8,1,3,9,3,3,4,4,1,6,5,2,1,0,0,3,0
JP1_586084566,Milio,0,0,6,6,21,5,4,1,0,5,0,3,2,0,3,2,0,0,1,0,1,0,0
JP1_586089933,Seraphine,3,3,28,34,34,16,11,2,3,13,3,6,6,4,6,7,3,2,1,0,1,2,0
JP1_586125297,Braum,2,4,28,34,33,18,14,1,3,14,4,6,3,9,3,6,9,6,1,2,0,5,0
JP1_586308328,Ashe,9,10,12,31,31,14,4,4,6,4,10,2,4,8,3,4,7,3,3,0,1,2,2
JP1_586313675,Morgana,3,3,11,17,20,12,9,1,2,9,3,5,1,5,4,1,7,1,0,0,2,2,1
JP1_586988955,Ashe,6,6,10,22,16,12,8,0,4,6,6,4,6,2,5,6,1,2,0,1,1,5,0
JP1_587124674,Morgana,4,1,14,19,25,12,11,0,1,11,1,6,4,2,6,4,2,1,1,0,0,1,1
JP1_587137971,Nami,1,1,17,19,20,12,11,1,0,11,1,9,1,2,8,4,0,4,0,1,0,3,0
JP1_587143693,Morgana,5,7,5,17,30,13,4,3,6,6,7,4,7,2,4,6,3,0,3,0,2,1,3
JP1_587147991,Leona,0,4,1,5,12,4,0,0,4,0,4,2,2,0,3,1,0,0,0,0,0,1,2
JP1_587676299,Milio,0,5,5,10,20,8,2,1,5,3,5,1,2,5,0,4,4,1,2,0,1,1,3
JP1_587686624,Janna,0,0,2,2,13,1,1,0,0,1,0,0,1,0,0,1,0,0,0,0,0,0,0
JP1_587697101,Nami,3,5,10,18,32,14,10,1,3,9,5,9,1,4,2,9,3,1,1,2,1,1,2
JP1_587705855,Morgana,3,2,18,23,34,14,11,1,2,12,2,6,4,4,5,6,3,0,1,2,0,3,3
JP1_587717653,Morgana,3,9,8,20,32,15,5,4,6,6,9,5,5,5,3,4,8,0,3,0,2,2,3
JP1_587726875,Pantheon,3,2,6,11,22,4,4,0,0,2,2,1,1,2,4,0,0,1,0,3,0,1,0
JP1_587909911,Ashe,13,7,5,25,35,17,8,3,6,10,7,6,7,3,6,7,4,1,4,0,0,2,5
JP1_587918620,Karma,2,6,16,24,28,14,8,2,4,8,6,8,4,2,3,6,5,8,0,1,1,4,0
JP1_587930135,Pantheon,2,9,3,14,20,11,2,0,9,2,9,4,1,4,5,6,0,0,6,0,2,0,3
JP1_587934023,Nocturne,1,6,7,14,27,9,3,3,3,3,6,2,6,1,3,6,0,0,3,0,0,1,2
JP1_587937088,Morgana,1,10,12,23,37,16,7,1,8,6,10,9,3,4,3,8,5,0,3,0,3,2,3
JP1_587939709,Nocturne,3,6,3,12,18,9,4,0,5,3,6,3,5,1,3,4,2,1,2,0,0,1,3
JP1_588237043,Morgana,1,5,4,10,23,9,2,1,6,4,5,3,6,0,4,5,0,1,1,0,0,1,2
JP1_588241158,Lissandra,4,6,7,17,30,11,5,1,5,5,6,2,2,2,5,5,1,1,1,2,0,2,0
JP1_588372720,Rakan,0,2,10,12,20,7,5,0,2,5,2,4,1,2,2,3,2,1,1,0,1,4,0
JP1_588381904,Braum,1,8,14,23,30,14,7,2,5,6,8,4,6,4,3,3,8,3,1,1,0,3,1
JP1_588523467,Ashe,2,10,3,15,33,11,1,2,8,1,10,4,6,1,4,4,3,1,1,0,1,1,2
JP1_588531273,Senna,5,5,6,16,30,13,6,3,4,8,5,6,6,1,5,5,3,2,1,0,1,2,0
JP1_588538442,Seraphine,4,7,9,20,34,12,4,2,6,5,7,4,5,3,1,6,5,1,2,0,1,3,2
JP1_588543292,Seraphine,2,11,11,24,24,15,5,2,8,5,10,8,4,3,7,7,1,1,1,1,1,2,4
JP1_589223792,Seraphine,0,0,0,0,0,0,0,0,0,0,0,0,0,0,0,0,0,0,0,0,0,0,0
JP1_589224760,Morgana,4,8,14,26,41,13,6,2,5,5,8,3,7,3,4,6,3,3,1,1,1,2,2
JP1_589230849,Morgana,3,2,2,7,18,6,3,1,2,4,2,4,2,0,4,2,0,0,0,0,0,0,1
JP1_589508997,Morgana,3,3,10,16,21,9,6,0,3,6,3,2,4,3,1,5,3,2,0,2,1,4,0
JP1_589526185,Nocturne,8,3,10,21,31,11,9,2,0,8,3,4,2,5,2,6,3,6,1,1,0,1,0
JP1_589536132,Caitlyn,2,16,4,22,28,16,1,1,14,0,16,6,6,4,8,5,3,0,1,0,2,0,6
JP1_589542931,Nocturne,1,11,12,24,33,14,6,1,7,3,11,5,4,5,4,5,5,1,3,0,1,1,4
JP1_589550525,Morgana,7,5,15,27,34,16,11,1,4,11,5,6,6,4,8,6,2,1,1,2,1,2,1
JP1_589555264,Zyra,4,6,11,21,34,10,6,1,3,4,6,3,3,3,2,2,6,1,0,1,0,3,1
JP1_589731144,Seraphine,1,6,17,24,28,13,8,2,3,7,6,6,4,3,5,6,2,3,0,3,0,4,1
JP1_589739996,Nami,0,2,3,5,25,4,2,0,2,2,2,3,1,0,1,3,0,0,2,0,0,0,3
JP1_590484680,Nami,1,5,16,22,28,13,8,2,3,8,5,6,4,3,2,5,6,1,2,0,0,2,1
JP1_590492429,Nami,1,6,21,28,33,17,11,1,5,11,6,9,4,4,6,6,5,3,1,3,1,2,2
JP1_590607790,Morgana,0,10,16,26,36,18,8,2,8,8,10,7,7,4,6,6,6,3,1,2,0,4,1
JP1_590617657,Nami,0,1,19,20,22,11,10,1,0,10,1,5,4,2,3,5,3,1,1,0,0,2,0
JP1_590908218,Galio,2,4,16,22,31,10,7,1,2,6,4,3,6,1,2,5,3,2,1,1,0,2,1
JP1_591064825,Nami,0,4,2,6,19,5,1,0,4,1,4,1,2,2,1,3,1,1,3,0,0,0,2
JP1_591256919,Nami,3,2,13,18,21,11,9,1,1,9,2,6,4,1,3,6,2,5,0,2,0,2,0
JP1_591420730,Milio,1,1,11,13,29,8,7,0,1,7,1,4,3,1,3,3,2,2,0,1,0,3,0
JP1_591429144,Morgana,3,9,12,24,32,13,4,2,7,4,9,2,3,8,1,5,7,3,2,2,1,1,3
JP1_591434669,Nami,2,3,11,16,26,8,4,2,2,5,3,1,5,2,2,4,2,2,0,0,1,3,0
JP1_591845835,Rakan,1,5,13,19,28,10,5,0,5,5,5,3,2,4,2,4,4,2,0,0,2,5,0
JP1_591847983,Nami,1,10,28,39,35,16,6,2,8,6,10,5,3,8,1,5,10,5,3,0,2,3,1
JP1_592130272,Lissandra,3,7,0,10,21,8,2,0,6,1,7,2,0,5,1,6,1,1,2,0,0,0,3
JP1_592134035,Nami,1,4,15,20,39,15,8,2,5,11,4,3,6,6,2,2,11,2,2,1,0,2,2
JP1_592306373,Olaf,0,6,0,6,17,6,0,0,6,0,6,2,0,0,4,2,0,0,2,0,0,0,2
JP1_592307679,Nami,0,8,10,18,30,13,4,2,7,5,8,4,6,3,3,5,5,0,2,0,1,1,3
JP1_592468449,Nami,0,6,6,12,25,9,3,0,6,3,6,5,1,3,4,3,2,0,3,0,1,0,4
JP1_592470895,Nami,0,7,2,9,18,8,1,1,6,2,6,3,3,2,2,5,1,0,1,0,1,0,4
JP1_592582664,Nami,1,4,12,17,25,9,7,1,1,5,4,4,4,1,3,6,0,0,0,0,1,3,0
JP1_592588648,Nami,3,3,13,19,18,7,5,1,1,4,3,0,3,3,1,4,2,2,1,1,1,1,0
JP1_592594621,Nami,1,4,11,16,26,11,7,0,4,7,4,4,4,3,2,7,2,2,1,0,1,2,1
JP1_592700375,Nami,0,10,13,23,28,14,3,1,10,4,10,3,4,7,0,6,8,1,4,0,2,1,6
JP1_592709920,Nami,0,2,18,20,23,13,9,2,2,11,2,6,5,2,2,3,8,2,1,0,0,3,1
JP1_592827787,Seraphine,1,1,5,7,13,4,3,0,1,3,1,2,1,1,2,2,0,3,0,0,0,1,0
JP1_592833784,Nami,1,0,8,9,14,8,8,0,0,8,0,7,1,0,3,4,1,0,0,0,0,6,0
JP1_592844137,Nami,2,8,29,39,35,17,9,2,6,9,8,2,7,7,4,8,5,4,1,3,2,3,0
JP1_592855756,Morgana,3,8,14,25,30,11,6,3,2,3,8,1,4,6,4,3,4,3,1,1,1,2,0
JP1_592977857,Morgana,2,7,8,17,25,9,2,4,3,4,5,3,4,2,4,4,1,0,1,0,1,0,4
JP1_592986902,Nami,1,3,22,26,25,13,10,2,1,10,3,4,7,2,5,3,5,2,3,2,0,2,0
JP1_593264876,Nami,0,8,8,16,24,12,6,0,6,4,8,2,5,5,3,5,4,1,3,0,2,4,1
JP1_593270722,Nami,1,8,11,20,25,12,5,2,5,4,8,4,3,5,3,4,5,1,3,0,3,0,3
JP1_593554309,Nami,2,4,27,33,38,19,13,2,4,15,4,5,9,5,4,6,9,1,2,1,1,1,2
JP1_593556897,Morgana,0,3,11,14,27,9,6,0,3,6,3,4,2,3,2,6,1,3,0,1,0,3,0
JP1_593814949,Nami,0,4,7,11,26,8,2,4,2,4,4,4,3,1,4,4,0,1,1,0,0,1,1
JP1_593822384,Morgana,1,7,7,15,38,13,5,1,7,6,7,2,9,1,2,7,4,0,4,0,2,1,3
JP1_593832544,Nami,0,5,10,15,20,8,3,1,4,3,5,0,4,4,0,3,5,0,4,0,2,0,4
JP1_593840713,Nami,0,0,0,0,0,0,0,0,0,0,0,0,0,0,0,0,0,0,0,0,0,0,0
JP1_593845205,Galio,2,7,4,13,27,9,1,2,6,2,7,2,1,5,4,1,4,1,1,0,1,0,4
JP1_594255355,Illaoi,0,11,2,13,40,12,2,0,10,1,11,3,2,1,3,4,5,1,1,0,0,0,3
JP1_594265922,Ashe,0,5,0,5,13,5,0,2,3,0,5,3,2,0,3,2,0,0,1,0,0,1,1
JP1_594423553,Seraphine,2,6,18,26,22,10,6,2,2,4,6,0,5,4,2,4,4,2,0,2,0,4,1
JP1_594433929,Seraphine,1,5,25,31,31,16,12,1,3,11,5,7,5,4,6,4,6,2,1,3,0,2,2
JP1_594642669,Seraphine,2,0,11,13,26,6,6,0,0,6,0,2,3,1,1,3,2,2,2,1,0,2,0
JP1_594648671,Morgana,3,9,30,42,32,16,9,1,6,7,9,4,3,9,2,6,8,3,1,0,0,3,2
JP1_594897799,Morgana,3,2,20,25,29,14,12,0,2,12,2,4,5,5,4,6,4,3,2,1,0,3,0
JP1_594908369,Nami,2,5,4,11,21,8,2,1,5,3,5,5,3,0,6,2,0,0,1,0,0,0,1
JP1_595303130,Leona,1,4,4,9,21,8,4,0,4,4,4,5,1,1,6,2,0,0,3,0,0,0,1
JP1_595308942,Morgana,3,0,5,8,21,6,5,1,0,6,0,4,2,0,1,5,0,1,2,1,0,1,0
JP1_595318494,Seraphine,1,4,12,17,34,8,6,1,1,4,4,3,2,3,2,2,4,2,1,0,1,3,1
JP1_595351261,Seraphine,1,2,22,25,32,14,13,1,0,12,2,6,5,3,5,8,1,3,2,2,0,5,0
JP1_595357291,Seraphine,3,6,21,30,38,20,14,0,6,14,6,13,3,4,3,7,10,4,0,2,0,4,2
JP1_595366210,Seraphine,1,8,14,23,28,14,6,1,7,6,8,8,1,5,5,4,5,0,0,0,1,3,0
JP1_595367973,Seraphine,1,8,3,12,21,9,0,1,8,1,8,4,3,2,5,4,0,0,1,1,0,0,4
JP1_595371655,Morgana,1,14,8,23,37,15,1,5,9,1,14,8,4,2,6,5,4,0,2,0,1,0,4
JP1_595544302,Seraphine,2,8,21,31,35,17,10,1,6,9,8,4,9,4,3,5,9,2,3,1,2,2,2
JP1_595551229,Seraphine,1,1,9,11,19,7,5,1,1,6,1,2,4,1,3,4,0,2,0,1,0,4,0
JP1_595629512,Seraphine,2,4,2,8,21,6,0,3,3,2,4,2,3,1,2,4,0,0,0,0,0,0,0
JP1_595635152,Nami,2,4,4,10,17,5,2,0,3,1,4,1,3,0,4,1,0,0,0,1,0,1,0
JP1_595638404,Seraphine,1,7,13,21,45,13,6,2,5,6,7,1,3,8,0,4,9,0,3,0,2,1,2
JP1_595694813,Seraphine,2,12,14,28,33,18,7,0,11,6,12,4,8,5,3,9,6,0,5,0,1,1,2
JP1_595704070,Seraphine,2,7,6,15,34,10,2,1,7,3,7,5,3,2,3,5,2,0,1,0,1,0,3
JP1_595715648,Seraphine,1,5,7,13,20,9,3,2,4,4,5,1,5,3,2,3,4,0,1,0,0,1,3
JP1_596086841,Lissandra,8,11,5,24,28,15,3,1,11,5,10,2,7,6,4,6,5,2,4,1,2,0,2
JP1_596096320,Seraphine,0,3,3,6,18,4,1,1,2,1,3,3,0,1,1,3,0,0,1,0,0,0,0
JP1_596212015,Pantheon,2,15,11,28,36,18,5,2,11,3,15,3,5,8,5,5,8,4,0,1,0,4,5
JP1_596223359,Morgana,2,8,13,23,22,12,7,0,5,4,8,4,3,4,5,4,3,4,0,2,1,1,0
JP1_596242575,Morgana,5,1,8,14,26,9,8,1,0,8,1,3,6,0,4,5,0,2,0,0,0,4,0
JP1_596246810,Leona,3,1,4,8,18,6,5,1,0,5,1,5,1,0,3,3,0,0,0,0,0,2,0
JP1_596841033,Leona,5,10,21,36,42,17,8,2,7,7,10,6,3,8,6,6,5,1,2,2,0,2,1
JP1_597024269,Seraphine,1,6,1,8,18,7,1,0,6,1,6,3,3,1,2,3,2,0,1,0,1,0,4
